timestamp,zone,cuisine_category,sessions,listing_views,menu_views,cart_adds,checkout_starts,orders_completed,gmv_aed,avg_basket_size_aed,promo_spend_aed,net_take_rate_pct,kitchen_prep_time_min,avg_delivery_time_min,driver_supply_gap_pct
2026-09-04 12:00,Downtown Dubai,Burgers & Fast Food,1061,949,555,220,161,135,10879.75,80.59,1228.83,16.96,20.0,35.5,4.5
2026-09-04 12:00,Downtown Dubai,Middle Eastern / Shawarma,1062,962,538,235,168,149,12117.25,81.32,905.53,17.72,22.5,36.7,4.1
2026-09-04 12:00,Downtown Dubai,Healthy & Bowls,969,900,515,219,163,137,11503.81,83.97,1132.78,18.49,20.2,36.5,6.0
2026-09-04 12:00,Downtown Dubai,Asian / Sushi,998,900,497,198,142,119,9521.58,80.01,804.57,17.56,21.4,39.1,6.1
2026-09-04 12:00,Downtown Dubai,Coffee & Desserts,1115,1042,626,254,173,147,11031.0,75.04,1345.71,17.56,18.5,34.9,7.5
2026-09-04 12:00,Dubai Marina,Burgers & Fast Food,1088,964,542,237,175,153,12190.34,79.68,1342.83,17.61,18.5,33.4,8.3
2026-09-04 12:00,Dubai Marina,Middle Eastern / Shawarma,1112,999,586,232,173,146,12863.92,88.11,1429.14,18.48,19.4,36.0,5.1
2026-09-04 12:00,Dubai Marina,Healthy & Bowls,998,927,560,226,168,144,12383.85,86.0,1105.3,17.45,23.2,37.5,5.1
2026-09-04 12:00,Dubai Marina,Asian / Sushi,1050,977,568,237,168,141,12932.3,91.72,1296.86,17.49,22.0,37.0,5.1
2026-09-04 12:00,Dubai Marina,Coffee & Desserts,1075,968,551,231,171,151,11185.53,74.08,1251.38,17.61,22.7,36.9,8.9
2026-09-04 12:00,Business Bay,Burgers & Fast Food,808,754,436,189,135,111,9275.45,83.56,706.59,17.06,22.6,37.5,7.7
2026-09-04 12:00,Business Bay,Middle Eastern / Shawarma,840,747,463,177,125,104,8497.12,81.7,872.03,16.97,23.1,37.4,6.2
2026-09-04 12:00,Business Bay,Healthy & Bowls,828,776,458,197,147,121,8811.57,72.82,1099.88,17.55,20.1,35.4,8.7
2026-09-04 12:00,Business Bay,Asian / Sushi,829,778,477,202,152,130,11805.99,90.82,850.38,18.02,20.9,37.4,5.5
2026-09-04 12:00,Business Bay,Coffee & Desserts,759,693,420,171,119,106,8067.91,76.11,873.02,17.51,22.0,37.9,4.3
2026-09-04 12:00,JLT,Burgers & Fast Food,668,609,395,160,118,99,8492.35,85.78,978.82,18.2,23.3,38.3,7.6
2026-09-04 12:00,JLT,Middle Eastern / Shawarma,590,537,348,132,94,82,6046.01,73.73,675.12,16.63,18.9,34.0,6.4
2026-09-04 12:00,JLT,Healthy & Bowls,671,628,354,144,101,90,7935.86,88.18,744.77,16.95,23.3,41.2,8.8
2026-09-04 12:00,JLT,Asian / Sushi,646,578,351,149,110,96,7120.79,74.17,715.25,16.79,18.3,33.8,7.9
2026-09-04 12:00,JLT,Coffee & Desserts,669,619,367,153,106,92,8071.06,87.73,847.22,18.16,23.6,41.5,5.7
2026-09-04 12:00,Deira,Burgers & Fast Food,675,596,361,141,104,86,6985.07,81.22,644.98,16.63,18.5,35.2,7.2
2026-09-04 12:00,Deira,Middle Eastern / Shawarma,613,545,306,124,85,72,6122.78,85.04,487.56,17.16,18.0,35.0,8.3
2026-09-04 12:00,Deira,Healthy & Bowls,588,530,320,124,88,73,6298.56,86.28,589.46,17.27,22.3,40.1,4.4
2026-09-04 12:00,Deira,Asian / Sushi,661,606,335,130,90,75,6676.66,89.02,607.92,17.65,22.2,39.2,5.0
2026-09-04 12:00,Deira,Coffee & Desserts,627,581,346,148,103,86,6811.59,79.2,628.41,17.99,18.6,34.5,5.4
2026-09-04 13:00,Downtown Dubai,Burgers & Fast Food,1122,1042,621,238,178,156,13711.86,87.9,1540.88,18.28,21.5,37.2,8.8
2026-09-04 13:00,Downtown Dubai,Middle Eastern / Shawarma,991,917,532,208,151,127,10959.07,86.29,1240.69,16.68,22.6,38.8,8.7
2026-09-04 13:00,Downtown Dubai,Healthy & Bowls,998,910,567,241,167,138,12431.4,90.08,1130.35,18.11,19.2,35.3,4.5
2026-09-04 13:00,Downtown Dubai,Asian / Sushi,1095,982,633,248,177,148,12436.89,84.03,1122.49,17.2,21.0,36.9,8.8
2026-09-04 13:00,Downtown Dubai,Coffee & Desserts,1035,934,598,232,163,144,13277.41,92.2,1350.5,16.82,20.7,35.5,6.2
2026-09-04 13:00,Dubai Marina,Burgers & Fast Food,1043,924,542,209,143,119,9458.16,79.48,1070.23,18.45,18.7,33.0,7.6
2026-09-04 13:00,Dubai Marina,Middle Eastern / Shawarma,1011,918,532,210,145,121,10422.01,86.13,1186.87,17.24,19.6,34.9,8.6
2026-09-04 13:00,Dubai Marina,Healthy & Bowls,1127,1046,677,258,193,160,13612.83,85.08,1039.57,17.18,20.8,35.4,7.3
2026-09-04 13:00,Dubai Marina,Asian / Sushi,1112,1027,644,278,193,163,15037.57,92.26,1510.61,17.83,22.7,39.2,8.1
2026-09-04 13:00,Dubai Marina,Coffee & Desserts,1123,1039,618,246,171,150,10810.65,72.07,1483.9,18.0,23.7,37.8,4.7
2026-09-04 13:00,Business Bay,Burgers & Fast Food,792,702,428,175,122,108,9657.57,89.42,938.66,16.92,18.5,35.4,8.4
2026-09-04 13:00,Business Bay,Middle Eastern / Shawarma,886,815,461,175,125,102,7514.39,73.67,987.41,17.17,20.4,38.3,7.9
2026-09-04 13:00,Business Bay,Healthy & Bowls,782,693,421,168,127,105,8052.99,76.7,1022.65,16.93,23.5,39.5,6.6
2026-09-04 13:00,Business Bay,Asian / Sushi,870,795,500,201,148,126,10616.2,84.26,1179.31,16.63,22.1,38.9,6.5
2026-09-04 13:00,Business Bay,Coffee & Desserts,829,732,405,176,127,114,9640.39,84.56,754.41,17.87,22.5,38.7,8.5
2026-09-04 13:00,JLT,Burgers & Fast Food,598,556,346,134,101,89,8040.13,90.34,639.98,17.91,20.8,38.1,6.3
2026-09-04 13:00,JLT,Middle Eastern / Shawarma,618,578,347,140,101,85,6448.7,75.87,758.44,16.92,23.6,39.9,7.0
2026-09-04 13:00,JLT,Healthy & Bowls,616,568,362,140,98,81,5861.56,72.36,571.35,17.45,21.4,38.0,7.7
2026-09-04 13:00,JLT,Asian / Sushi,629,585,356,147,106,93,7213.83,77.57,841.16,18.22,18.0,33.0,5.6
2026-09-04 13:00,JLT,Coffee & Desserts,684,614,337,145,108,93,7616.32,81.9,739.64,18.43,22.1,38.4,5.8
2026-09-04 13:00,Deira,Burgers & Fast Food,642,580,348,133,95,84,6584.3,78.38,837.87,16.7,23.5,41.3,9.0
2026-09-04 13:00,Deira,Middle Eastern / Shawarma,652,609,381,161,114,100,7811.47,78.11,847.01,18.37,19.9,35.6,4.2
2026-09-04 13:00,Deira,Healthy & Bowls,600,535,343,133,90,73,6146.4,84.2,465.35,16.87,18.5,32.6,6.7
2026-09-04 13:00,Deira,Asian / Sushi,592,537,338,146,108,94,8101.79,86.19,845.85,17.75,22.2,38.4,7.5
2026-09-04 13:00,Deira,Coffee & Desserts,648,601,374,162,118,101,8474.62,83.91,759.98,18.07,19.6,37.5,6.5
2026-09-04 14:00,Downtown Dubai,Burgers & Fast Food,981,882,566,232,167,145,12273.26,84.64,1281.94,16.75,20.7,36.2,7.0
2026-09-04 14:00,Downtown Dubai,Middle Eastern / Shawarma,973,886,510,198,142,120,9778.58,81.49,1167.1,17.97,20.8,35.7,6.1
2026-09-04 14:00,Downtown Dubai,Healthy & Bowls,1132,1015,597,233,170,144,11012.61,76.48,1182.3,18.36,19.6,34.8,5.5
2026-09-04 14:00,Downtown Dubai,Asian / Sushi,1116,1002,605,258,189,156,11263.47,72.2,1229.28,17.4,21.5,36.3,5.4
2026-09-04 14:00,Downtown Dubai,Coffee & Desserts,1020,898,557,225,153,126,9701.0,76.99,1112.75,18.17,19.1,36.5,4.4
2026-09-04 14:00,Dubai Marina,Burgers & Fast Food,1000,913,527,209,156,133,11525.8,86.66,1189.45,16.52,22.1,39.6,5.9
2026-09-04 14:00,Dubai Marina,Middle Eastern / Shawarma,1079,968,536,227,154,131,10863.88,82.93,1032.44,18.29,22.7,40.4,4.6
2026-09-04 14:00,Dubai Marina,Healthy & Bowls,1106,1038,645,274,197,175,13839.83,79.08,1235.55,17.52,23.4,37.9,5.7
2026-09-04 14:00,Dubai Marina,Asian / Sushi,1045,980,547,237,167,141,12664.96,89.82,1175.74,17.07,18.1,33.1,5.1
2026-09-04 14:00,Dubai Marina,Coffee & Desserts,1050,935,542,222,166,142,12123.14,85.37,1182.59,18.25,21.9,39.1,7.8
2026-09-04 14:00,Business Bay,Burgers & Fast Food,786,694,387,169,118,98,7603.57,77.59,736.59,18.4,22.0,38.9,6.5
2026-09-04 14:00,Business Bay,Middle Eastern / Shawarma,848,771,444,189,140,123,10692.57,86.93,1161.2,17.44,21.6,38.3,4.6
2026-09-04 14:00,Business Bay,Healthy & Bowls,882,781,470,197,147,126,9422.33,74.78,1085.93,18.43,19.7,34.6,5.7
2026-09-04 14:00,Business Bay,Asian / Sushi,813,716,409,164,121,101,9171.23,90.8,668.34,18.19,19.0,35.8,5.6
2026-09-04 14:00,Business Bay,Coffee & Desserts,870,791,448,171,119,105,8321.9,79.26,781.32,16.67,19.8,35.4,5.1
2026-09-04 14:00,JLT,Burgers & Fast Food,610,552,352,134,94,78,6758.21,86.64,587.89,18.04,21.7,36.0,7.4
2026-09-04 14:00,JLT,Middle Eastern / Shawarma,621,551,349,139,99,81,5969.31,73.7,680.93,18.23,23.5,40.4,5.5
2026-09-04 14:00,JLT,Healthy & Bowls,600,530,343,135,94,79,5903.3,74.73,631.54,17.55,22.2,39.8,6.3
2026-09-04 14:00,JLT,Asian / Sushi,677,602,333,128,87,77,5973.09,77.57,554.87,17.36,23.9,39.0,7.0
2026-09-04 14:00,JLT,Coffee & Desserts,628,581,354,148,107,94,7619.71,81.06,776.29,17.79,23.0,38.8,6.3
2026-09-04 14:00,Deira,Burgers & Fast Food,609,557,337,144,98,80,6279.91,78.5,654.09,17.89,19.3,36.6,8.1
2026-09-04 14:00,Deira,Middle Eastern / Shawarma,663,611,378,148,112,99,7628.55,77.06,906.03,18.31,23.3,37.9,5.0
2026-09-04 14:00,Deira,Healthy & Bowls,632,557,349,138,99,82,7559.86,92.19,544.07,17.15,19.6,34.7,6.3
2026-09-04 14:00,Deira,Asian / Sushi,615,544,317,121,90,73,6405.69,87.75,552.93,18.04,19.8,34.5,6.5
2026-09-04 14:00,Deira,Coffee & Desserts,622,582,368,154,109,96,8022.98,83.57,754.64,17.42,21.3,36.3,8.7
2026-09-04 15:00,Downtown Dubai,Burgers & Fast Food,494,438,268,105,76,66,5481.33,83.05,641.44,16.57,22.3,39.2,5.1
2026-09-04 15:00,Downtown Dubai,Middle Eastern / Shawarma,504,468,302,127,89,77,6625.58,86.05,494.82,17.43,18.1,32.4,5.6
2026-09-04 15:00,Downtown Dubai,Healthy & Bowls,516,481,282,117,85,72,5312.38,73.78,613.82,17.37,21.6,37.7,7.0
2026-09-04 15:00,Downtown Dubai,Asian / Sushi,474,424,248,106,72,63,4763.86,75.62,537.21,17.44,22.8,40.6,5.3
2026-09-04 15:00,Downtown Dubai,Coffee & Desserts,478,429,244,100,73,62,5023.44,81.02,406.61,17.76,20.4,34.5,5.2
2026-09-04 15:00,Dubai Marina,Burgers & Fast Food,483,426,275,108,76,65,5944.92,91.46,448.89,17.43,22.7,40.4,5.8
2026-09-04 15:00,Dubai Marina,Middle Eastern / Shawarma,460,421,265,102,74,65,5447.56,83.81,639.49,17.18,21.5,37.3,5.4
2026-09-04 15:00,Dubai Marina,Healthy & Bowls,451,409,237,91,63,52,4683.4,90.07,351.24,16.77,18.9,34.4,4.4
2026-09-04 15:00,Dubai Marina,Asian / Sushi,471,422,245,93,65,57,4619.04,81.04,374.67,18.26,21.4,35.7,4.6
2026-09-04 15:00,Dubai Marina,Coffee & Desserts,504,449,259,109,76,68,4900.28,72.06,461.43,18.45,22.1,36.4,7.8
2026-09-04 15:00,Business Bay,Burgers & Fast Food,378,350,220,93,64,55,4931.95,89.67,417.46,17.01,18.3,34.7,4.8
2026-09-04 15:00,Business Bay,Middle Eastern / Shawarma,378,333,185,74,51,42,3539.61,84.28,383.26,17.8,22.5,37.6,6.1
2026-09-04 15:00,Business Bay,Healthy & Bowls,404,379,246,106,73,61,5045.08,82.71,394.8,17.78,19.3,35.4,4.1
2026-09-04 15:00,Business Bay,Asian / Sushi,379,344,214,81,61,52,3878.65,74.59,506.37,17.84,20.1,37.7,4.1
2026-09-04 15:00,Business Bay,Coffee & Desserts,413,363,218,83,56,46,3692.1,80.26,403.06,16.96,24.0,38.1,7.6
2026-09-04 15:00,JLT,Burgers & Fast Food,276,258,143,62,45,39,3481.11,89.26,263.6,16.61,22.5,38.2,4.6
2026-09-04 15:00,JLT,Middle Eastern / Shawarma,306,270,148,64,45,38,3163.52,83.25,347.46,17.41,18.8,36.1,5.0
2026-09-04 15:00,JLT,Healthy & Bowls,301,265,155,65,45,38,3087.85,81.26,320.09,16.8,18.5,33.8,5.9
2026-09-04 15:00,JLT,Asian / Sushi,295,265,165,69,49,40,3406.61,85.17,299.89,16.82,23.8,37.8,4.9
2026-09-04 15:00,JLT,Coffee & Desserts,283,262,161,64,48,42,3632.69,86.49,315.62,16.61,22.5,39.7,5.6
2026-09-04 15:00,Deira,Burgers & Fast Food,308,279,157,67,47,41,3240.89,79.05,327.34,16.71,21.0,37.9,6.5
2026-09-04 15:00,Deira,Middle Eastern / Shawarma,298,274,170,71,49,42,3373.28,80.32,360.34,17.78,23.9,41.6,6.6
2026-09-04 15:00,Deira,Healthy & Bowls,305,281,161,62,45,37,3281.45,88.69,267.32,17.08,19.1,36.4,4.9
2026-09-04 15:00,Deira,Asian / Sushi,291,263,151,60,43,36,2698.62,74.96,256.33,16.72,23.7,40.0,4.7
2026-09-04 15:00,Deira,Coffee & Desserts,316,295,189,80,55,45,4136.28,91.92,436.51,17.91,23.2,40.3,5.1
2026-09-04 16:00,Downtown Dubai,Burgers & Fast Food,484,432,241,105,79,69,4979.06,72.16,539.99,17.21,24.0,38.2,6.7
2026-09-04 16:00,Downtown Dubai,Middle Eastern / Shawarma,499,444,279,113,82,73,6693.24,91.69,626.83,17.39,19.5,34.0,8.6
2026-09-04 16:00,Downtown Dubai,Healthy & Bowls,493,459,282,122,86,76,7036.5,92.59,656.05,18.34,22.9,37.6,7.6
2026-09-04 16:00,Downtown Dubai,Asian / Sushi,510,468,260,110,75,62,5765.27,92.99,463.4,17.59,21.7,36.6,5.7
2026-09-04 16:00,Downtown Dubai,Coffee & Desserts,483,433,275,111,76,64,5832.21,91.13,551.38,16.68,20.1,35.1,8.2
2026-09-04 16:00,Dubai Marina,Burgers & Fast Food,462,432,270,117,87,72,5751.66,79.88,566.93,17.95,18.2,35.1,6.8
2026-09-04 16:00,Dubai Marina,Middle Eastern / Shawarma,500,443,281,110,82,68,5440.44,80.01,435.0,18.46,18.1,32.3,5.6
2026-09-04 16:00,Dubai Marina,Healthy & Bowls,505,469,293,116,86,75,5662.75,75.5,462.19,17.63,22.9,40.7,7.5
2026-09-04 16:00,Dubai Marina,Asian / Sushi,519,472,261,113,81,66,5779.93,87.57,564.09,18.15,20.7,37.2,6.8
2026-09-04 16:00,Dubai Marina,Coffee & Desserts,509,472,273,105,77,65,5291.94,81.41,438.01,16.63,24.0,40.2,6.6
2026-09-04 16:00,Business Bay,Burgers & Fast Food,360,321,186,77,53,46,3508.39,76.27,305.35,16.71,20.8,36.3,5.2
2026-09-04 16:00,Business Bay,Middle Eastern / Shawarma,359,334,207,84,63,54,4238.94,78.5,375.85,16.77,19.4,33.9,9.0
2026-09-04 16:00,Business Bay,Healthy & Bowls,397,353,204,89,64,56,4817.63,86.03,337.04,17.38,23.3,41.0,6.6
2026-09-04 16:00,Business Bay,Asian / Sushi,365,327,190,74,54,47,4272.18,90.9,338.01,17.62,22.4,39.5,7.7
2026-09-04 16:00,Business Bay,Coffee & Desserts,358,334,214,89,65,54,4563.2,84.5,510.03,17.61,20.6,36.1,5.1
2026-09-04 16:00,JLT,Burgers & Fast Food,296,264,164,71,50,43,4032.75,93.78,275.17,18.47,22.8,38.3,7.9
2026-09-04 16:00,JLT,Middle Eastern / Shawarma,288,259,148,59,43,36,3338.6,92.74,222.35,18.46,18.3,33.6,8.1
2026-09-04 16:00,JLT,Healthy & Bowls,316,283,168,68,51,42,3943.77,93.9,344.79,18.36,18.8,34.1,8.4
2026-09-04 16:00,JLT,Asian / Sushi,317,287,157,62,44,38,3062.54,80.59,287.42,17.01,21.3,37.0,5.3
2026-09-04 16:00,JLT,Coffee & Desserts,317,284,161,64,43,38,2803.37,73.77,287.38,18.12,23.8,38.8,5.2
2026-09-04 16:00,Deira,Burgers & Fast Food,286,266,147,61,45,38,3169.15,83.4,233.96,18.41,18.2,32.5,6.2
2026-09-04 16:00,Deira,Middle Eastern / Shawarma,320,286,163,69,49,41,3612.58,88.11,333.81,17.97,21.7,38.9,6.2
2026-09-04 16:00,Deira,Healthy & Bowls,315,285,177,77,53,44,3830.16,87.05,363.87,17.8,18.5,33.7,7.9
2026-09-04 16:00,Deira,Asian / Sushi,304,279,156,60,41,35,2573.57,73.53,269.75,18.14,22.4,38.0,9.0
2026-09-04 16:00,Deira,Coffee & Desserts,292,262,150,62,44,36,2999.24,83.31,218.75,16.56,23.0,37.3,6.3
2026-09-04 17:00,Downtown Dubai,Burgers & Fast Food,522,470,277,113,77,66,5910.35,89.55,425.98,17.81,20.3,37.0,6.8
2026-09-04 17:00,Downtown Dubai,Middle Eastern / Shawarma,522,482,296,120,85,75,6744.11,89.92,602.12,18.08,22.0,37.5,8.0
2026-09-04 17:00,Downtown Dubai,Healthy & Bowls,526,475,282,108,74,64,5379.57,84.06,610.59,16.86,22.0,36.7,8.2
2026-09-04 17:00,Downtown Dubai,Asian / Sushi,458,403,229,95,70,61,4738.43,77.68,520.46,16.83,20.6,36.5,6.6
2026-09-04 17:00,Downtown Dubai,Coffee & Desserts,528,478,303,119,86,76,6322.46,83.19,757.71,17.85,18.6,32.7,8.8
2026-09-04 17:00,Dubai Marina,Burgers & Fast Food,492,445,261,103,77,63,5363.26,85.13,378.14,17.64,19.0,35.3,5.7
2026-09-04 17:00,Dubai Marina,Middle Eastern / Shawarma,491,453,271,103,75,66,5470.31,82.88,598.93,17.53,21.1,39.0,6.3
2026-09-04 17:00,Dubai Marina,Healthy & Bowls,458,415,258,113,79,68,6338.16,93.21,524.63,16.79,23.3,38.9,6.6
2026-09-04 17:00,Dubai Marina,Asian / Sushi,467,413,254,106,78,69,6286.7,91.11,656.51,18.06,18.6,35.3,7.0
2026-09-04 17:00,Dubai Marina,Coffee & Desserts,471,426,236,94,67,55,4258.73,77.43,513.72,16.95,20.9,38.4,4.4
2026-09-04 17:00,Business Bay,Burgers & Fast Food,412,365,210,86,64,56,4925.05,87.95,501.67,17.95,21.8,36.4,5.0
2026-09-04 17:00,Business Bay,Middle Eastern / Shawarma,396,364,220,96,71,62,5772.13,93.1,483.7,17.29,18.3,33.2,4.8
2026-09-04 17:00,Business Bay,Healthy & Bowls,407,373,237,98,67,58,5117.33,88.23,401.41,18.45,23.1,40.2,4.9
2026-09-04 17:00,Business Bay,Asian / Sushi,367,325,197,81,55,45,4021.95,89.38,280.85,18.28,21.8,39.3,8.9
2026-09-04 17:00,Business Bay,Coffee & Desserts,410,361,203,85,63,52,4637.01,89.17,475.1,18.17,22.0,37.1,8.2
2026-09-04 17:00,JLT,Burgers & Fast Food,312,280,175,68,49,41,3166.62,77.23,395.11,18.06,21.7,37.3,4.0
2026-09-04 17:00,JLT,Middle Eastern / Shawarma,299,270,171,68,47,40,3454.02,86.35,331.21,18.11,18.5,33.7,6.7
2026-09-04 17:00,JLT,Healthy & Bowls,279,258,157,69,48,39,3037.32,77.88,242.16,17.54,18.5,36.4,4.5
2026-09-04 17:00,JLT,Asian / Sushi,313,293,184,75,51,43,3629.53,84.41,412.72,17.66,20.7,36.5,6.4
2026-09-04 17:00,JLT,Coffee & Desserts,316,287,184,70,51,41,3028.74,73.87,353.69,18.44,18.5,32.8,8.3
2026-09-04 17:00,Deira,Burgers & Fast Food,294,264,147,64,44,39,3610.72,92.58,327.42,17.39,20.9,38.5,4.4
2026-09-04 17:00,Deira,Middle Eastern / Shawarma,313,288,181,76,56,49,3798.67,77.52,426.34,17.78,19.8,36.0,4.6
2026-09-04 17:00,Deira,Healthy & Bowls,315,284,176,73,50,42,3089.69,73.56,377.65,18.32,23.3,37.8,4.5
2026-09-04 17:00,Deira,Asian / Sushi,276,253,154,60,41,35,2656.25,75.89,284.43,18.06,21.5,39.1,4.1
2026-09-04 17:00,Deira,Coffee & Desserts,283,259,152,61,45,38,2981.2,78.45,327.35,17.73,20.7,35.1,6.0
2026-09-04 18:00,Downtown Dubai,Burgers & Fast Food,466,436,250,106,79,69,4988.12,72.29,524.77,17.51,21.8,37.9,4.7
2026-09-04 18:00,Downtown Dubai,Middle Eastern / Shawarma,484,429,255,102,70,61,5357.76,87.83,540.17,17.61,20.3,34.6,4.4
2026-09-04 18:00,Downtown Dubai,Healthy & Bowls,488,451,248,108,77,67,5769.89,86.12,473.65,17.23,23.4,39.8,8.4
2026-09-04 18:00,Downtown Dubai,Asian / Sushi,469,432,269,105,74,65,5404.6,83.15,573.45,18.3,22.2,38.1,5.5
2026-09-04 18:00,Downtown Dubai,Coffee & Desserts,490,458,276,121,83,74,6370.62,86.09,482.84,18.45,18.4,32.8,5.5
2026-09-04 18:00,Dubai Marina,Burgers & Fast Food,479,423,269,117,88,73,5868.69,80.39,538.8,17.24,22.4,40.1,8.0
2026-09-04 18:00,Dubai Marina,Middle Eastern / Shawarma,491,436,275,109,79,68,6237.92,91.73,426.83,18.11,22.8,39.4,8.0
2026-09-04 18:00,Dubai Marina,Healthy & Bowls,457,419,245,105,74,60,5609.47,93.49,395.1,17.99,23.9,41.8,6.6
2026-09-04 18:00,Dubai Marina,Asian / Sushi,494,463,292,125,91,77,6718.94,87.26,751.18,17.02,18.9,34.0,6.5
2026-09-04 18:00,Dubai Marina,Coffee & Desserts,506,461,292,124,91,81,6772.49,83.61,622.61,17.31,23.4,38.4,4.3
2026-09-04 18:00,Business Bay,Burgers & Fast Food,395,353,228,97,69,58,4748.82,81.88,348.54,17.19,19.7,35.0,8.8
2026-09-04 18:00,Business Bay,Middle Eastern / Shawarma,355,314,178,74,50,41,3018.63,73.63,305.24,17.56,23.9,38.3,6.8
2026-09-04 18:00,Business Bay,Healthy & Bowls,395,368,239,103,70,58,4344.84,74.91,548.46,17.58,21.5,39.4,7.7
2026-09-04 18:00,Business Bay,Asian / Sushi,370,328,210,88,64,53,4542.48,85.71,515.89,17.75,21.1,38.7,4.2
2026-09-04 18:00,Business Bay,Coffee & Desserts,387,349,200,77,53,46,3313.9,72.04,351.01,18.16,21.1,35.7,5.3
2026-09-04 18:00,JLT,Burgers & Fast Food,279,259,151,64,43,37,3272.82,88.45,324.17,17.9,21.5,37.7,6.9
2026-09-04 18:00,JLT,Middle Eastern / Shawarma,284,266,146,62,43,36,3218.83,89.41,249.07,17.78,18.4,35.7,5.1
2026-09-04 18:00,JLT,Healthy & Bowls,288,262,169,74,52,44,4034.99,91.7,340.89,16.63,23.2,39.4,8.3
2026-09-04 18:00,JLT,Asian / Sushi,276,258,142,62,45,39,3039.07,77.92,343.13,17.26,18.3,32.5,5.4
2026-09-04 18:00,JLT,Coffee & Desserts,277,247,154,61,42,36,2653.07,73.7,274.3,17.57,20.2,35.1,5.9
2026-09-04 18:00,Deira,Burgers & Fast Food,292,257,166,72,50,43,3976.72,92.48,361.6,18.24,23.9,41.7,5.8
2026-09-04 18:00,Deira,Middle Eastern / Shawarma,275,258,148,61,44,37,3344.12,90.38,317.5,17.43,19.6,34.8,8.6
2026-09-04 18:00,Deira,Healthy & Bowls,312,288,177,72,53,46,3362.69,73.1,418.22,17.68,18.5,36.3,5.1
2026-09-04 18:00,Deira,Asian / Sushi,278,246,141,54,37,33,2528.38,76.62,277.64,18.09,23.1,38.7,7.6
2026-09-04 18:00,Deira,Coffee & Desserts,319,286,172,65,48,42,3526.94,83.97,358.52,16.66,19.8,34.9,7.6
2026-09-04 19:00,Downtown Dubai,Burgers & Fast Food,1755,1544,971,242,127,84,4150.3,49.41,1344.81,9.81,40.9,64.1,21.4
2026-09-04 19:00,Downtown Dubai,Middle Eastern / Shawarma,1550,1414,797,201,101,65,3331.07,51.25,1061.8,9.52,41.4,69.3,28.1
2026-09-04 19:00,Downtown Dubai,Healthy & Bowls,1609,1484,905,228,122,81,3931.84,48.54,1635.74,11.79,42.8,65.4,28.2
2026-09-04 19:00,Downtown Dubai,Asian / Sushi,1633,1505,845,213,106,67,3408.63,50.88,1355.96,10.77,39.6,62.2,27.3
2026-09-04 19:00,Downtown Dubai,Coffee & Desserts,1556,1419,894,223,112,73,4152.58,56.88,1317.72,11.34,42.8,68.2,25.2
2026-09-04 19:00,Dubai Marina,Burgers & Fast Food,1785,1637,943,373,261,228,21343.64,93.61,1393.25,17.59,22.8,37.4,7.4
2026-09-04 19:00,Dubai Marina,Middle Eastern / Shawarma,1560,1418,809,341,252,225,17628.67,78.35,1636.24,17.03,19.1,36.2,5.5
2026-09-04 19:00,Dubai Marina,Healthy & Bowls,1586,1405,793,309,232,208,15106.68,72.63,1810.16,17.29,22.8,39.4,6.3
2026-09-04 19:00,Dubai Marina,Asian / Sushi,1718,1551,994,390,278,242,22622.84,93.48,2275.74,17.06,18.3,33.9,8.9
2026-09-04 19:00,Dubai Marina,Coffee & Desserts,1552,1385,879,356,259,217,20039.59,92.35,1379.15,17.24,21.1,37.0,7.2
2026-09-04 19:00,Business Bay,Burgers & Fast Food,1287,1145,678,271,205,179,14495.79,80.98,1768.49,18.49,18.7,33.9,6.5
2026-09-04 19:00,Business Bay,Middle Eastern / Shawarma,1254,1170,677,258,193,172,15420.52,89.65,1675.86,17.09,21.1,36.0,7.9
2026-09-04 19:00,Business Bay,Healthy & Bowls,1282,1188,733,304,217,190,17262.49,90.86,1448.87,17.19,19.0,33.2,6.6
2026-09-04 19:00,Business Bay,Asian / Sushi,1332,1238,704,270,204,181,16109.74,89.0,1207.31,18.0,23.0,37.8,7.0
2026-09-04 19:00,Business Bay,Coffee & Desserts,1219,1076,682,293,207,171,12807.46,74.9,1452.17,18.31,20.3,36.7,4.9
2026-09-04 19:00,JLT,Burgers & Fast Food,1074,960,537,235,169,140,11640.58,83.15,1381.84,18.18,21.3,38.7,5.3
2026-09-04 19:00,JLT,Middle Eastern / Shawarma,1033,969,533,225,165,137,12687.13,92.61,1001.77,16.94,21.1,36.1,6.0
2026-09-04 19:00,JLT,Healthy & Bowls,1080,1005,629,252,186,161,13094.65,81.33,988.22,18.25,23.3,38.1,5.2
2026-09-04 19:00,JLT,Asian / Sushi,1092,961,529,212,161,139,11120.02,80.0,1295.9,18.42,22.2,37.5,5.0
2026-09-04 19:00,JLT,Coffee & Desserts,971,890,499,198,135,118,10048.94,85.16,1029.04,16.77,20.0,37.4,7.3
2026-09-04 19:00,Deira,Burgers & Fast Food,1016,896,529,207,149,129,9621.4,74.58,886.02,18.41,22.9,40.6,4.1
2026-09-04 19:00,Deira,Middle Eastern / Shawarma,1016,935,586,227,163,141,12714.52,90.17,985.5,17.57,18.0,32.2,7.1
2026-09-04 19:00,Deira,Healthy & Bowls,1099,999,553,213,156,137,11519.91,84.09,1139.76,17.66,19.4,35.6,8.0
2026-09-04 19:00,Deira,Asian / Sushi,986,922,561,226,154,127,10308.53,81.17,794.52,17.69,22.1,37.7,6.4
2026-09-04 19:00,Deira,Coffee & Desserts,1029,937,590,227,167,143,10347.75,72.36,1383.71,16.87,22.6,37.6,6.2
2026-09-04 20:00,Downtown Dubai,Burgers & Fast Food,1649,1463,934,230,116,74,3619.76,48.92,1527.39,11.14,38.6,63.8,21.9
2026-09-04 20:00,Downtown Dubai,Middle Eastern / Shawarma,1715,1573,902,233,124,83,4633.64,55.83,1605.21,10.0,41.2,64.0,25.5
2026-09-04 20:00,Downtown Dubai,Healthy & Bowls,1766,1605,898,232,124,81,4123.24,50.9,1689.81,11.68,37.8,65.8,24.6
2026-09-04 20:00,Downtown Dubai,Asian / Sushi,1779,1644,1011,255,134,86,4869.93,56.63,1645.66,11.47,41.1,66.4,23.9
2026-09-04 20:00,Downtown Dubai,Coffee & Desserts,1690,1496,919,241,117,73,3754.71,51.43,1463.34,11.29,39.9,64.7,27.4
2026-09-04 20:00,Dubai Marina,Burgers & Fast Food,1764,1588,931,379,260,232,18504.78,79.76,1678.24,17.83,22.4,37.7,8.5
2026-09-04 20:00,Dubai Marina,Middle Eastern / Shawarma,1596,1423,920,396,280,235,19596.17,83.39,1830.12,16.54,22.9,39.9,5.9
2026-09-04 20:00,Dubai Marina,Healthy & Bowls,1616,1513,838,346,252,219,17732.65,80.97,1738.45,17.66,23.2,39.0,5.7
2026-09-04 20:00,Dubai Marina,Asian / Sushi,1803,1665,974,376,256,217,18764.07,86.47,1951.83,17.69,22.2,38.5,5.6
2026-09-04 20:00,Dubai Marina,Coffee & Desserts,1709,1575,1016,398,277,228,19861.56,87.11,1900.09,17.31,21.0,36.8,8.1
2026-09-04 20:00,Business Bay,Burgers & Fast Food,1393,1293,822,333,234,210,19227.27,91.56,1894.32,17.61,18.6,36.3,5.0
2026-09-04 20:00,Business Bay,Middle Eastern / Shawarma,1240,1116,634,268,203,182,16648.68,91.48,1384.51,17.41,22.0,38.6,7.3
2026-09-04 20:00,Business Bay,Healthy & Bowls,1251,1172,722,303,226,195,17577.01,90.14,1412.94,17.23,21.1,35.6,8.5
2026-09-04 20:00,Business Bay,Asian / Sushi,1377,1277,747,313,226,195,16597.86,85.12,1510.12,18.38,18.8,33.6,6.1
2026-09-04 20:00,Business Bay,Coffee & Desserts,1393,1243,711,272,197,162,14272.45,88.1,1575.16,17.61,18.7,35.7,6.2
2026-09-04 20:00,JLT,Burgers & Fast Food,944,835,471,180,133,111,10277.06,92.59,705.39,16.55,18.6,34.5,8.2
2026-09-04 20:00,JLT,Middle Eastern / Shawarma,1051,927,554,230,157,137,12292.78,89.73,1013.09,17.74,18.5,33.0,4.8
2026-09-04 20:00,JLT,Healthy & Bowls,951,885,494,203,150,125,9584.05,76.67,803.57,16.92,22.0,39.7,5.3
2026-09-04 20:00,JLT,Asian / Sushi,980,867,511,199,150,129,9372.78,72.66,1164.28,17.59,20.5,34.9,6.5
2026-09-04 20:00,JLT,Coffee & Desserts,1082,975,578,232,158,141,11180.13,79.29,1342.78,17.28,22.0,38.1,8.0
2026-09-04 20:00,Deira,Burgers & Fast Food,991,931,543,217,162,142,10752.5,75.72,1303.4,17.67,18.1,32.5,6.4
2026-09-04 20:00,Deira,Middle Eastern / Shawarma,942,830,534,234,163,135,10963.28,81.21,1042.57,18.04,19.2,36.6,8.1
2026-09-04 20:00,Deira,Healthy & Bowls,945,874,491,204,153,127,10534.33,82.95,1021.28,17.83,22.4,38.9,5.6
2026-09-04 20:00,Deira,Asian / Sushi,956,846,529,214,160,141,10639.63,75.46,864.87,18.32,23.1,40.7,5.4
2026-09-04 20:00,Deira,Coffee & Desserts,952,867,553,235,161,142,11897.52,83.79,1258.64,17.74,18.5,36.1,7.5
2026-09-04 21:00,Downtown Dubai,Burgers & Fast Food,1569,1435,901,229,118,78,4275.85,54.82,1710.09,10.1,41.1,63.2,27.0
2026-09-04 21:00,Downtown Dubai,Middle Eastern / Shawarma,1688,1544,912,227,112,72,3861.55,53.63,1214.99,9.56,42.4,68.8,21.2
2026-09-04 21:00,Downtown Dubai,Healthy & Bowls,1649,1523,845,228,122,75,3662.59,48.83,1280.96,11.04,38.1,60.2,21.9
2026-09-04 21:00,Downtown Dubai,Asian / Sushi,1756,1617,1003,256,134,86,4420.89,51.41,1505.22,11.47,41.4,64.6,27.9
2026-09-04 21:00,Downtown Dubai,Coffee & Desserts,1772,1606,954,254,125,83,4398.95,53.0,1545.67,11.63,38.9,62.7,26.3
2026-09-04 21:00,Dubai Marina,Burgers & Fast Food,1587,1411,817,339,231,192,15675.54,81.64,1778.53,17.35,19.9,35.7,8.9
2026-09-04 21:00,Dubai Marina,Middle Eastern / Shawarma,1729,1623,953,393,289,253,22638.69,89.48,1618.55,18.11,18.7,33.8,8.5
2026-09-04 21:00,Dubai Marina,Healthy & Bowls,1554,1408,777,320,234,205,18245.2,89.0,1555.83,18.38,18.1,35.4,4.4
2026-09-04 21:00,Dubai Marina,Asian / Sushi,1639,1534,925,374,263,216,16307.33,75.5,1767.94,17.83,23.9,41.4,7.9
2026-09-04 21:00,Dubai Marina,Coffee & Desserts,1716,1524,869,339,253,220,17361.92,78.92,1555.63,16.58,20.8,37.7,8.4
2026-09-04 21:00,Business Bay,Burgers & Fast Food,1391,1290,717,310,212,178,13992.2,78.61,1276.67,17.56,19.3,35.9,8.3
2026-09-04 21:00,Business Bay,Middle Eastern / Shawarma,1335,1197,752,328,237,209,16557.64,79.22,1810.63,16.74,21.9,36.2,4.4
2026-09-04 21:00,Business Bay,Healthy & Bowls,1408,1251,782,339,248,209,16283.62,77.91,1746.72,16.99,19.2,34.9,6.4
2026-09-04 21:00,Business Bay,Asian / Sushi,1339,1225,757,320,239,200,14640.56,73.2,1742.55,17.91,21.0,35.1,8.3
2026-09-04 21:00,Business Bay,Coffee & Desserts,1411,1321,805,353,265,233,18852.53,80.91,1769.1,18.42,22.1,39.2,7.5
2026-09-04 21:00,JLT,Burgers & Fast Food,1056,991,546,208,150,130,11324.69,87.11,931.11,18.22,23.5,39.6,4.8
2026-09-04 21:00,JLT,Middle Eastern / Shawarma,973,886,563,236,168,147,13612.02,92.6,934.76,18.41,21.8,38.2,6.3
2026-09-04 21:00,JLT,Healthy & Bowls,1016,897,533,230,169,148,13127.58,88.7,1073.87,18.5,18.1,34.0,5.2
2026-09-04 21:00,JLT,Asian / Sushi,1005,918,560,244,173,144,13205.59,91.71,980.33,16.59,20.7,35.5,7.6
2026-09-04 21:00,JLT,Coffee & Desserts,989,883,557,212,160,137,11808.75,86.2,1076.13,16.71,19.0,35.8,8.5
2026-09-04 21:00,Deira,Burgers & Fast Food,1062,979,569,230,171,142,13224.04,93.13,1399.7,18.11,23.2,38.1,4.3
2026-09-04 21:00,Deira,Middle Eastern / Shawarma,939,866,489,202,143,127,11268.02,88.72,1232.78,16.68,20.2,37.5,6.6
2026-09-04 21:00,Deira,Healthy & Bowls,941,859,494,213,151,126,9154.59,72.66,985.61,18.26,23.9,39.2,4.7
2026-09-04 21:00,Deira,Asian / Sushi,1090,1023,567,242,177,153,11129.28,72.74,1192.6,18.44,19.9,36.4,5.1
2026-09-04 21:00,Deira,Coffee & Desserts,952,889,542,236,172,144,13483.21,93.63,1292.59,17.24,19.7,36.1,7.2
2026-09-04 22:00,Downtown Dubai,Burgers & Fast Food,1721,1608,954,394,287,248,18528.38,74.71,2265.83,18.37,19.6,35.4,6.5
2026-09-04 22:00,Downtown Dubai,Middle Eastern / Shawarma,1800,1628,994,423,316,272,24575.02,90.35,1790.12,17.04,20.6,35.8,4.9
2026-09-04 22:00,Downtown Dubai,Healthy & Bowls,1642,1461,812,321,231,196,18289.95,93.32,1525.25,17.18,18.6,35.1,6.6
2026-09-04 22:00,Downtown Dubai,Asian / Sushi,1588,1466,901,345,235,207,18764.36,90.65,1660.78,17.44,22.7,39.4,7.3
2026-09-04 22:00,Downtown Dubai,Coffee & Desserts,1632,1527,972,377,277,246,21925.04,89.13,2088.43,16.81,20.5,35.0,7.0
2026-09-04 22:00,Dubai Marina,Burgers & Fast Food,1560,1379,772,337,247,212,19776.24,93.28,1755.89,17.5,22.8,39.0,5.2
2026-09-04 22:00,Dubai Marina,Middle Eastern / Shawarma,1657,1482,932,359,249,222,16534.06,74.48,1542.08,18.37,20.1,35.2,6.8
2026-09-04 22:00,Dubai Marina,Healthy & Bowls,1724,1612,993,392,287,238,21238.27,89.24,1618.49,16.51,22.8,39.3,5.7
2026-09-04 22:00,Dubai Marina,Asian / Sushi,1748,1565,1010,430,311,256,21595.81,84.36,1939.64,17.48,23.0,38.2,6.4
2026-09-04 22:00,Dubai Marina,Coffee & Desserts,1548,1403,838,319,235,205,14760.92,72.0,1682.52,18.47,19.2,36.7,7.3
2026-09-04 22:00,Business Bay,Burgers & Fast Food,1243,1113,651,249,179,150,13835.39,92.24,1245.27,17.74,19.6,34.3,6.4
2026-09-04 22:00,Business Bay,Middle Eastern / Shawarma,1225,1094,659,281,210,173,13302.23,76.89,1422.77,17.92,20.5,38.3,7.0
2026-09-04 22:00,Business Bay,Healthy & Bowls,1356,1221,758,304,229,198,14597.25,73.72,1458.02,17.95,20.3,37.6,8.4
2026-09-04 22:00,Business Bay,Asian / Sushi,1387,1268,714,309,232,192,16473.99,85.8,1166.89,17.02,19.9,33.9,6.5
2026-09-04 22:00,Business Bay,Coffee & Desserts,1215,1081,632,250,180,151,11895.25,78.78,1212.08,17.07,23.6,41.3,4.3
2026-09-04 22:00,JLT,Burgers & Fast Food,1014,921,583,243,170,150,11402.19,76.01,1076.09,16.68,20.3,35.9,4.9
2026-09-04 22:00,JLT,Middle Eastern / Shawarma,1034,930,567,224,165,139,12327.48,88.69,972.94,18.44,21.8,38.2,5.8
2026-09-04 22:00,JLT,Healthy & Bowls,962,882,521,224,159,130,9685.55,74.5,797.68,16.96,19.5,36.7,5.1
2026-09-04 22:00,JLT,Asian / Sushi,1013,929,587,236,161,136,11837.35,87.04,1158.92,16.8,22.5,38.3,9.0
2026-09-04 22:00,JLT,Coffee & Desserts,1085,982,576,229,170,148,10948.6,73.98,1079.56,16.73,21.6,38.7,6.9
2026-09-04 22:00,Deira,Burgers & Fast Food,1072,996,588,249,186,161,15106.45,93.83,989.01,17.86,21.7,38.1,5.4
2026-09-04 22:00,Deira,Middle Eastern / Shawarma,947,849,469,190,141,116,10602.5,91.4,1055.1,17.02,19.4,33.5,5.5
2026-09-04 22:00,Deira,Healthy & Bowls,1032,932,571,235,177,154,12661.62,82.22,1477.46,18.39,19.5,33.5,7.6
2026-09-04 22:00,Deira,Asian / Sushi,958,888,545,216,160,135,11440.57,84.74,813.21,18.3,21.5,37.0,4.2
2026-09-04 22:00,Deira,Coffee & Desserts,1009,899,562,231,168,144,10621.74,73.76,1327.45,18.2,20.4,35.3,7.1
2026-09-04 23:00,Downtown Dubai,Burgers & Fast Food,525,485,292,115,81,71,5783.93,81.46,610.55,16.76,19.0,36.0,6.3
2026-09-04 23:00,Downtown Dubai,Middle Eastern / Shawarma,512,450,268,113,84,75,5439.07,72.52,650.97,17.09,21.6,35.8,4.5
2026-09-04 23:00,Downtown Dubai,Healthy & Bowls,498,465,281,112,80,67,5737.92,85.64,450.85,17.54,19.5,36.6,6.1
2026-09-04 23:00,Downtown Dubai,Asian / Sushi,486,453,285,119,88,72,6463.33,89.77,535.98,17.26,19.7,36.5,4.0
2026-09-04 23:00,Downtown Dubai,Coffee & Desserts,513,477,309,123,89,73,5889.59,80.68,472.12,16.87,21.0,36.9,8.6
2026-09-04 23:00,Dubai Marina,Burgers & Fast Food,473,441,270,105,75,63,4701.83,74.63,525.6,18.48,22.4,36.8,7.2
2026-09-04 23:00,Dubai Marina,Middle Eastern / Shawarma,526,464,267,109,74,65,5886.24,90.56,532.7,17.2,22.4,38.3,5.0
2026-09-04 23:00,Dubai Marina,Healthy & Bowls,480,448,286,110,77,65,4892.93,75.28,541.9,17.16,21.3,37.2,6.4
2026-09-04 23:00,Dubai Marina,Asian / Sushi,510,472,296,125,91,75,5411.92,72.16,590.11,16.58,20.8,36.2,4.6
2026-09-04 23:00,Dubai Marina,Coffee & Desserts,496,451,279,120,87,78,6607.45,84.71,518.62,17.52,23.9,39.9,7.5
2026-09-04 23:00,Business Bay,Burgers & Fast Food,408,377,222,96,66,57,5115.45,89.74,563.99,18.06,19.1,37.1,5.0
2026-09-04 23:00,Business Bay,Middle Eastern / Shawarma,372,336,195,82,57,49,4105.72,83.79,384.87,17.8,20.9,38.5,8.0
2026-09-04 23:00,Business Bay,Healthy & Bowls,411,370,228,90,67,58,5074.27,87.49,463.93,18.04,23.1,37.6,4.7
2026-09-04 23:00,Business Bay,Asian / Sushi,407,358,204,80,58,49,4249.96,86.73,345.67,16.9,23.5,41.4,5.2
2026-09-04 23:00,Business Bay,Coffee & Desserts,394,348,221,89,63,52,4559.43,87.68,467.15,17.22,20.2,35.2,4.8
2026-09-04 23:00,JLT,Burgers & Fast Food,284,262,168,68,46,39,3172.72,81.35,239.93,18.15,19.8,36.1,6.1
2026-09-04 23:00,JLT,Middle Eastern / Shawarma,305,276,177,70,48,42,3162.83,75.31,353.16,17.57,20.4,36.0,4.5
2026-09-04 23:00,JLT,Healthy & Bowls,279,253,160,65,44,38,3468.02,91.26,256.48,17.69,23.6,41.5,5.4
2026-09-04 23:00,JLT,Asian / Sushi,282,252,140,55,38,32,2881.99,90.06,212.18,18.45,23.2,37.8,4.3
2026-09-04 23:00,JLT,Coffee & Desserts,283,264,147,57,42,34,2859.75,84.11,215.33,17.23,22.2,37.2,7.3
2026-09-04 23:00,Deira,Burgers & Fast Food,274,243,140,56,38,31,2332.84,75.25,296.59,18.0,22.2,38.4,5.2
2026-09-04 23:00,Deira,Middle Eastern / Shawarma,318,282,164,69,49,40,3523.92,88.1,388.4,16.69,21.7,37.1,7.6
2026-09-04 23:00,Deira,Healthy & Bowls,310,280,171,68,50,43,3414.91,79.42,312.68,17.41,23.6,38.0,6.2
2026-09-04 23:00,Deira,Asian / Sushi,295,273,167,69,48,42,3180.87,75.73,357.3,16.77,19.1,36.5,5.2
2026-09-04 23:00,Deira,Coffee & Desserts,287,259,150,64,47,42,3215.03,76.55,407.51,18.19,19.0,33.4,6.8
2026-09-05 00:00,Downtown Dubai,Burgers & Fast Food,496,453,254,105,75,64,5386.53,84.16,583.34,18.04,20.5,34.6,6.8
2026-09-05 00:00,Downtown Dubai,Middle Eastern / Shawarma,506,451,283,114,84,69,5614.78,81.37,653.11,18.5,22.0,39.1,5.7
2026-09-05 00:00,Downtown Dubai,Healthy & Bowls,482,439,268,113,84,72,5764.48,80.06,487.59,18.47,18.3,32.6,5.1
2026-09-05 00:00,Downtown Dubai,Asian / Sushi,527,474,264,102,69,56,4201.2,75.02,493.41,17.16,23.8,41.0,6.3
2026-09-05 00:00,Downtown Dubai,Coffee & Desserts,466,437,273,111,81,68,5413.76,79.61,667.33,17.59,18.7,33.8,5.2
2026-09-05 00:00,Dubai Marina,Burgers & Fast Food,507,462,296,115,81,67,5408.26,80.72,498.51,17.0,19.0,36.5,8.1
2026-09-05 00:00,Dubai Marina,Middle Eastern / Shawarma,494,440,242,93,67,59,4878.25,82.68,403.89,16.93,23.3,39.8,4.2
2026-09-05 00:00,Dubai Marina,Healthy & Bowls,514,481,285,117,87,75,6889.58,91.86,694.84,17.46,19.1,35.7,8.0
2026-09-05 00:00,Dubai Marina,Asian / Sushi,504,462,283,121,89,76,6326.56,83.24,594.69,17.56,18.0,36.0,7.9
2026-09-05 00:00,Dubai Marina,Coffee & Desserts,469,424,257,103,75,65,5491.93,84.49,526.93,17.95,23.2,40.3,5.1
2026-09-05 00:00,Business Bay,Burgers & Fast Food,368,341,204,81,55,46,4173.61,90.73,312.32,18.17,22.6,37.5,6.9
2026-09-05 00:00,Business Bay,Middle Eastern / Shawarma,365,341,198,86,60,52,4212.6,81.01,315.08,17.68,23.9,40.8,4.6
2026-09-05 00:00,Business Bay,Healthy & Bowls,397,358,202,80,55,46,3801.07,82.63,414.81,17.11,23.0,40.0,8.2
2026-09-05 00:00,Business Bay,Asian / Sushi,384,353,201,87,61,53,3887.94,73.36,440.42,16.92,19.7,35.7,8.3
2026-09-05 00:00,Business Bay,Coffee & Desserts,403,376,225,94,71,60,4908.99,81.82,377.7,17.42,22.4,40.3,5.5
2026-09-05 00:00,JLT,Burgers & Fast Food,289,261,163,67,50,44,4091.62,92.99,418.59,17.44,22.1,37.3,7.2
2026-09-05 00:00,JLT,Middle Eastern / Shawarma,276,249,156,67,47,40,3010.66,75.27,353.28,17.39,22.4,38.8,4.8
2026-09-05 00:00,JLT,Healthy & Bowls,300,265,166,68,47,39,3083.51,79.06,378.67,17.04,18.3,34.9,6.1
2026-09-05 00:00,JLT,Asian / Sushi,295,275,166,67,46,40,3584.26,89.61,298.19,17.95,20.1,37.7,7.8
2026-09-05 00:00,JLT,Coffee & Desserts,274,251,145,59,43,38,3466.83,91.23,259.84,16.74,19.2,36.9,8.5
2026-09-05 00:00,Deira,Burgers & Fast Food,300,267,155,61,45,39,3612.25,92.62,343.11,17.03,19.9,33.9,7.1
2026-09-05 00:00,Deira,Middle Eastern / Shawarma,295,264,161,69,47,41,3165.01,77.2,365.13,17.4,18.4,33.6,6.5
2026-09-05 00:00,Deira,Healthy & Bowls,310,280,177,73,52,44,4001.74,90.95,418.88,17.26,20.2,37.9,6.1
2026-09-05 00:00,Deira,Asian / Sushi,297,275,161,62,46,40,3020.64,75.52,279.27,17.32,22.0,37.0,8.0
2026-09-05 00:00,Deira,Coffee & Desserts,317,287,159,69,47,40,3177.1,79.43,334.48,16.53,20.0,35.0,6.7
2026-09-05 01:00,Downtown Dubai,Burgers & Fast Food,474,422,234,90,63,53,4365.47,82.37,503.88,18.45,22.7,37.4,7.0
2026-09-05 01:00,Downtown Dubai,Middle Eastern / Shawarma,526,488,301,121,90,74,6424.75,86.82,606.73,18.21,22.4,39.8,8.1
2026-09-05 01:00,Downtown Dubai,Healthy & Bowls,471,421,239,93,69,57,4998.55,87.69,531.93,16.79,19.3,36.6,8.7
2026-09-05 01:00,Downtown Dubai,Asian / Sushi,495,451,268,108,77,67,6046.16,90.24,592.28,17.32,23.4,40.6,7.4
2026-09-05 01:00,Downtown Dubai,Coffee & Desserts,510,458,289,123,86,71,5756.64,81.08,632.66,18.44,23.0,40.7,4.2
2026-09-05 01:00,Dubai Marina,Burgers & Fast Food,494,459,289,121,89,75,6396.27,85.28,480.75,17.04,20.9,35.2,5.0
2026-09-05 01:00,Dubai Marina,Middle Eastern / Shawarma,472,416,236,94,71,60,4782.64,79.71,434.08,17.59,23.8,39.6,7.8
2026-09-05 01:00,Dubai Marina,Healthy & Bowls,478,425,241,93,69,58,4665.63,80.44,562.25,16.6,22.9,40.5,5.9
2026-09-05 01:00,Dubai Marina,Asian / Sushi,517,473,289,125,88,74,6012.23,81.25,522.31,18.09,20.2,37.9,4.6
2026-09-05 01:00,Dubai Marina,Coffee & Desserts,457,415,247,99,68,56,4082.18,72.9,554.0,17.85,18.0,32.6,7.1
2026-09-05 01:00,Business Bay,Burgers & Fast Food,398,353,216,94,66,56,4161.16,74.31,521.65,17.7,22.4,38.1,5.1
2026-09-05 01:00,Business Bay,Middle Eastern / Shawarma,379,336,190,79,58,47,3980.84,84.7,466.87,17.86,20.2,35.1,6.5
2026-09-05 01:00,Business Bay,Healthy & Bowls,374,335,209,86,62,54,4571.74,84.66,329.72,17.88,18.6,34.7,4.7
2026-09-05 01:00,Business Bay,Asian / Sushi,387,359,228,92,66,56,4732.57,84.51,380.85,18.24,19.5,34.3,7.8
2026-09-05 01:00,Business Bay,Coffee & Desserts,368,342,212,92,62,54,4124.58,76.38,440.59,17.5,21.1,38.2,4.7
2026-09-05 01:00,JLT,Burgers & Fast Food,316,294,172,72,51,44,3264.32,74.19,389.42,16.57,20.1,35.6,6.7
2026-09-05 01:00,JLT,Middle Eastern / Shawarma,288,256,162,63,47,41,3028.08,73.86,288.91,16.62,22.0,38.7,5.3
2026-09-05 01:00,JLT,Healthy & Bowls,281,262,161,67,47,40,3002.22,75.06,252.58,18.01,18.0,34.1,4.8
2026-09-05 01:00,JLT,Asian / Sushi,274,241,142,60,41,36,3128.75,86.91,219.89,17.85,19.0,35.4,6.6
2026-09-05 01:00,JLT,Coffee & Desserts,314,290,187,77,56,46,4145.3,90.12,353.07,16.61,22.4,36.9,4.8
2026-09-05 01:00,Deira,Burgers & Fast Food,285,257,155,67,47,41,3521.45,85.89,367.08,18.01,20.6,36.4,8.7
2026-09-05 01:00,Deira,Middle Eastern / Shawarma,288,266,163,64,45,39,3000.65,76.94,289.22,18.26,23.1,39.2,5.7
2026-09-05 01:00,Deira,Healthy & Bowls,277,243,145,56,41,34,3115.48,91.63,314.43,16.8,22.8,39.0,6.9
2026-09-05 01:00,Deira,Asian / Sushi,309,285,164,71,51,43,3958.82,92.07,423.49,16.53,23.4,40.0,5.7
2026-09-05 01:00,Deira,Coffee & Desserts,275,242,156,59,42,34,2456.44,72.25,293.99,17.79,23.4,40.4,5.2
2026-09-05 02:00,Downtown Dubai,Burgers & Fast Food,484,448,251,102,75,63,5475.73,86.92,566.85,18.03,21.3,35.9,6.2
2026-09-05 02:00,Downtown Dubai,Middle Eastern / Shawarma,490,448,280,118,85,71,5597.49,78.84,498.48,17.08,21.9,37.4,5.6
2026-09-05 02:00,Downtown Dubai,Healthy & Bowls,455,402,221,91,64,56,4344.74,77.58,471.27,18.04,19.2,36.0,7.2
2026-09-05 02:00,Downtown Dubai,Asian / Sushi,465,419,272,104,72,63,5330.19,84.61,481.44,17.62,21.6,38.2,8.0
2026-09-05 02:00,Downtown Dubai,Coffee & Desserts,509,473,300,123,84,73,6538.15,89.56,714.03,18.31,23.7,38.4,6.8
2026-09-05 02:00,Dubai Marina,Burgers & Fast Food,465,414,228,95,69,61,4735.21,77.63,444.06,16.94,20.5,36.5,6.9
2026-09-05 02:00,Dubai Marina,Middle Eastern / Shawarma,457,406,245,104,71,60,5488.86,91.48,438.0,16.55,18.8,34.5,8.5
2026-09-05 02:00,Dubai Marina,Healthy & Bowls,508,457,287,119,84,74,6540.09,88.38,720.84,17.22,21.4,38.2,7.9
2026-09-05 02:00,Dubai Marina,Asian / Sushi,454,425,269,108,79,65,5022.12,77.26,460.87,17.74,21.2,35.6,7.5
2026-09-05 02:00,Dubai Marina,Coffee & Desserts,499,468,279,122,90,73,6450.75,88.37,681.31,18.29,20.9,36.8,6.9
2026-09-05 02:00,Business Bay,Burgers & Fast Food,373,341,191,79,58,47,4136.24,88.01,378.19,17.61,19.4,34.3,8.8
2026-09-05 02:00,Business Bay,Middle Eastern / Shawarma,387,349,194,76,52,45,3376.44,75.03,376.57,18.33,22.3,40.0,5.3
2026-09-05 02:00,Business Bay,Healthy & Bowls,391,350,200,77,52,42,3353.41,79.84,285.47,17.5,22.3,39.6,9.0
2026-09-05 02:00,Business Bay,Asian / Sushi,370,347,219,87,60,51,4607.19,90.34,325.88,18.4,23.5,41.3,8.1
2026-09-05 02:00,Business Bay,Coffee & Desserts,368,331,190,72,52,44,4115.51,93.53,294.95,16.62,19.2,36.1,5.4
2026-09-05 02:00,JLT,Burgers & Fast Food,299,266,164,69,50,44,3399.9,77.27,279.73,17.92,23.4,38.7,4.8
2026-09-05 02:00,JLT,Middle Eastern / Shawarma,314,291,186,75,53,45,3892.87,86.51,343.62,17.13,22.8,39.4,5.9
2026-09-05 02:00,JLT,Healthy & Bowls,295,276,158,67,46,39,3269.51,83.83,338.09,17.34,20.0,37.8,5.2
2026-09-05 02:00,JLT,Asian / Sushi,305,280,167,69,49,42,3298.23,78.53,383.31,18.31,23.7,41.1,4.6
2026-09-05 02:00,JLT,Coffee & Desserts,309,288,183,77,54,44,3730.84,84.79,307.6,17.77,18.4,35.5,5.5
2026-09-05 02:00,Deira,Burgers & Fast Food,278,245,148,56,40,34,2582.78,75.96,312.98,17.01,21.7,37.1,5.4
2026-09-05 02:00,Deira,Middle Eastern / Shawarma,308,274,167,66,46,40,3607.71,90.19,330.05,16.82,22.8,37.2,8.8
2026-09-05 02:00,Deira,Healthy & Bowls,299,263,154,62,43,36,2972.25,82.56,303.5,16.97,20.3,36.1,6.8
2026-09-05 02:00,Deira,Asian / Sushi,275,247,146,57,39,33,2471.12,74.88,278.27,18.37,19.4,34.5,6.8
2026-09-05 02:00,Deira,Coffee & Desserts,303,279,154,62,42,37,3352.82,90.62,295.74,16.7,23.8,39.5,7.8
2026-09-05 03:00,Downtown Dubai,Burgers & Fast Food,498,449,255,97,67,55,4135.02,75.18,397.34,17.94,22.5,38.8,5.5
2026-09-05 03:00,Downtown Dubai,Middle Eastern / Shawarma,519,484,296,112,76,62,5291.3,85.34,563.86,17.39,24.0,38.0,5.0
2026-09-05 03:00,Downtown Dubai,Healthy & Bowls,462,426,252,110,80,69,6176.95,89.52,543.59,16.93,22.4,40.0,7.5
2026-09-05 03:00,Downtown Dubai,Asian / Sushi,479,429,265,114,83,73,6175.58,84.6,438.62,18.26,22.0,39.0,6.2
2026-09-05 03:00,Downtown Dubai,Coffee & Desserts,506,461,265,111,80,67,5942.12,88.69,643.88,17.66,22.6,37.2,8.0
2026-09-05 03:00,Dubai Marina,Burgers & Fast Food,523,488,276,113,77,66,4862.04,73.67,504.2,18.44,22.4,39.9,6.2
2026-09-05 03:00,Dubai Marina,Middle Eastern / Shawarma,517,466,295,127,88,74,5649.43,76.34,456.78,18.29,20.9,36.6,6.9
2026-09-05 03:00,Dubai Marina,Healthy & Bowls,505,467,276,118,81,71,6471.79,91.15,696.87,16.51,23.8,39.7,8.5
2026-09-05 03:00,Dubai Marina,Asian / Sushi,468,432,278,116,82,72,6505.8,90.36,677.86,17.97,21.2,39.1,6.1
2026-09-05 03:00,Dubai Marina,Coffee & Desserts,490,436,246,95,65,57,4373.92,76.74,447.46,17.02,23.6,39.4,4.2
2026-09-05 03:00,Business Bay,Burgers & Fast Food,364,322,184,77,55,46,3358.78,73.02,444.29,17.88,23.0,38.8,8.3
2026-09-05 03:00,Business Bay,Middle Eastern / Shawarma,379,334,196,85,58,50,4439.79,88.8,366.13,16.83,21.0,36.1,8.3
2026-09-05 03:00,Business Bay,Healthy & Bowls,381,345,218,90,62,51,4556.54,89.34,338.61,17.66,18.8,35.0,6.8
2026-09-05 03:00,Business Bay,Asian / Sushi,364,337,186,77,53,45,3454.68,76.77,419.3,18.09,20.1,35.0,7.7
2026-09-05 03:00,Business Bay,Coffee & Desserts,377,333,192,78,58,51,4197.98,82.31,416.12,16.75,20.3,36.8,5.9
2026-09-05 03:00,JLT,Burgers & Fast Food,297,278,162,68,47,41,3659.73,89.26,268.56,17.46,24.0,38.0,6.0
2026-09-05 03:00,JLT,Middle Eastern / Shawarma,288,267,167,70,48,39,3551.68,91.07,314.77,16.94,19.2,34.6,6.1
2026-09-05 03:00,JLT,Healthy & Bowls,319,283,162,62,42,37,3413.88,92.27,228.67,16.8,22.6,39.3,5.1
2026-09-05 03:00,JLT,Asian / Sushi,297,268,157,63,47,39,3154.03,80.87,348.33,17.99,19.8,34.0,5.1
2026-09-05 03:00,JLT,Coffee & Desserts,277,254,152,65,45,37,3221.05,87.06,244.64,16.59,22.2,37.5,7.0
2026-09-05 03:00,Deira,Burgers & Fast Food,299,268,167,65,44,39,2838.13,72.77,326.27,16.71,21.2,38.0,7.8
2026-09-05 03:00,Deira,Middle Eastern / Shawarma,301,272,154,63,45,38,3178.43,83.64,329.07,17.15,22.7,40.0,5.1
2026-09-05 03:00,Deira,Healthy & Bowls,299,276,173,74,55,46,3823.91,83.13,318.1,17.09,23.7,38.4,4.8
2026-09-05 03:00,Deira,Asian / Sushi,289,258,166,72,49,43,3760.83,87.46,412.14,17.33,18.8,33.5,4.1
2026-09-05 03:00,Deira,Coffee & Desserts,307,284,161,70,48,42,3601.05,85.74,270.63,17.02,21.6,38.4,8.5
2026-09-05 04:00,Downtown Dubai,Burgers & Fast Food,453,416,246,94,70,62,5064.96,81.69,539.17,17.46,23.0,37.8,6.6
2026-09-05 04:00,Downtown Dubai,Middle Eastern / Shawarma,505,456,275,119,88,78,7094.05,90.95,521.59,17.91,19.1,35.9,4.2
2026-09-05 04:00,Downtown Dubai,Healthy & Bowls,454,418,262,101,68,59,4897.74,83.01,453.61,16.91,21.3,37.3,5.2
2026-09-05 04:00,Downtown Dubai,Asian / Sushi,460,417,248,95,65,58,4447.73,76.69,423.45,17.69,22.3,38.8,7.8
2026-09-05 04:00,Downtown Dubai,Coffee & Desserts,496,454,274,111,77,65,5265.9,81.01,587.81,17.79,21.8,39.6,7.7
2026-09-05 04:00,Dubai Marina,Burgers & Fast Food,469,422,243,92,64,52,4224.51,81.24,313.05,17.46,19.4,34.0,6.9
2026-09-05 04:00,Dubai Marina,Middle Eastern / Shawarma,473,422,268,105,75,63,4768.76,75.69,511.2,17.12,22.7,38.8,7.7
2026-09-05 04:00,Dubai Marina,Healthy & Bowls,454,409,249,97,73,59,5143.28,87.17,384.51,16.93,19.3,34.2,8.6
2026-09-05 04:00,Dubai Marina,Asian / Sushi,456,408,246,107,80,71,5536.28,77.98,472.54,17.92,21.3,37.7,4.1
2026-09-05 04:00,Dubai Marina,Coffee & Desserts,469,440,262,114,81,67,5939.11,88.64,429.25,18.35,21.9,37.8,7.5
2026-09-05 04:00,Business Bay,Burgers & Fast Food,389,342,220,83,59,50,3799.03,75.98,300.55,18.3,23.6,39.3,4.9
2026-09-05 04:00,Business Bay,Middle Eastern / Shawarma,378,341,198,77,58,48,3587.04,74.73,302.45,17.81,22.1,38.6,8.5
2026-09-05 04:00,Business Bay,Healthy & Bowls,406,374,210,89,64,56,4337.37,77.45,359.89,16.68,21.6,37.7,7.1
2026-09-05 04:00,Business Bay,Asian / Sushi,412,362,210,87,59,50,4468.27,89.37,362.55,17.28,19.7,34.4,7.6
2026-09-05 04:00,Business Bay,Coffee & Desserts,370,329,182,76,52,45,4010.51,89.12,431.29,16.94,22.9,38.9,7.5
2026-09-05 04:00,JLT,Burgers & Fast Food,291,264,146,60,44,38,3324.37,87.48,276.86,16.64,18.2,33.7,8.1
2026-09-05 04:00,JLT,Middle Eastern / Shawarma,303,282,182,70,52,46,4107.71,89.3,335.74,18.05,19.2,35.8,8.5
2026-09-05 04:00,JLT,Healthy & Bowls,284,262,149,60,44,38,3220.71,84.76,314.54,17.78,22.0,36.3,5.7
2026-09-05 04:00,JLT,Asian / Sushi,281,256,147,60,42,37,3255.41,87.98,249.78,17.29,20.0,36.2,6.2
2026-09-05 04:00,JLT,Coffee & Desserts,296,275,169,69,48,40,3597.17,89.93,317.55,17.86,20.6,35.3,7.7
2026-09-05 04:00,Deira,Burgers & Fast Food,308,285,163,67,47,38,2804.78,73.81,294.35,18.29,20.9,37.4,7.9
2026-09-05 04:00,Deira,Middle Eastern / Shawarma,313,283,156,63,45,39,3142.35,80.57,362.04,17.0,19.1,34.0,7.5
2026-09-05 04:00,Deira,Healthy & Bowls,274,244,151,58,41,35,3158.64,90.25,217.89,16.54,19.3,36.9,6.9
2026-09-05 04:00,Deira,Asian / Sushi,313,276,159,60,42,37,3031.33,81.93,345.23,17.36,20.2,38.0,4.6
2026-09-05 04:00,Deira,Coffee & Desserts,303,283,159,69,49,42,3614.73,86.07,265.88,18.0,20.3,36.2,7.9
2026-09-05 05:00,Downtown Dubai,Burgers & Fast Food,492,437,270,116,83,72,5205.59,72.3,672.86,16.9,18.4,34.5,4.4
2026-09-05 05:00,Downtown Dubai,Middle Eastern / Shawarma,510,468,278,118,86,72,6228.59,86.51,517.52,16.89,19.5,35.0,8.6
2026-09-05 05:00,Downtown Dubai,Healthy & Bowls,502,443,258,99,71,62,4484.83,72.34,521.74,17.35,21.1,35.7,4.2
2026-09-05 05:00,Downtown Dubai,Asian / Sushi,523,480,272,110,82,72,5340.55,74.17,433.76,18.08,22.5,37.2,4.3
2026-09-05 05:00,Downtown Dubai,Coffee & Desserts,518,474,276,119,83,71,6052.18,85.24,649.23,17.28,19.9,36.7,4.5
2026-09-05 05:00,Dubai Marina,Burgers & Fast Food,477,434,247,99,73,60,4913.65,81.89,413.48,17.22,22.4,39.9,8.4
2026-09-05 05:00,Dubai Marina,Middle Eastern / Shawarma,460,431,250,107,73,60,5584.66,93.08,424.1,16.91,19.7,34.2,4.1
2026-09-05 05:00,Dubai Marina,Healthy & Bowls,481,437,267,103,72,61,4440.35,72.79,379.34,18.15,23.0,39.0,8.6
2026-09-05 05:00,Dubai Marina,Asian / Sushi,505,444,271,106,79,69,5383.2,78.02,637.14,16.98,22.5,38.4,6.3
2026-09-05 05:00,Dubai Marina,Coffee & Desserts,516,472,304,123,92,77,6899.14,89.6,464.22,18.1,18.5,33.4,6.0
2026-09-05 05:00,Business Bay,Burgers & Fast Food,379,345,199,80,58,48,3903.08,81.31,463.76,17.35,21.6,39.3,4.5
2026-09-05 05:00,Business Bay,Middle Eastern / Shawarma,371,337,209,84,63,54,4035.67,74.73,380.87,16.64,23.7,39.4,7.4
2026-09-05 05:00,Business Bay,Healthy & Bowls,405,365,216,85,60,53,4224.32,79.7,489.96,17.59,19.7,36.5,6.5
2026-09-05 05:00,Business Bay,Asian / Sushi,364,339,204,81,60,51,4646.52,91.11,349.8,16.78,21.2,35.6,7.4
2026-09-05 05:00,Business Bay,Coffee & Desserts,413,387,250,99,68,58,4211.97,72.62,521.76,17.57,23.0,37.7,6.6
2026-09-05 05:00,JLT,Burgers & Fast Food,304,283,175,67,46,38,3326.13,87.53,372.47,16.51,20.0,35.8,9.0
2026-09-05 05:00,JLT,Middle Eastern / Shawarma,317,292,184,71,52,45,3394.46,75.43,379.25,17.57,21.1,38.4,4.1
2026-09-05 05:00,JLT,Healthy & Bowls,287,256,146,58,42,36,2999.93,83.33,262.34,17.05,21.8,38.2,5.8
2026-09-05 05:00,JLT,Asian / Sushi,295,263,147,60,43,38,3493.39,91.93,233.09,17.2,23.3,38.1,8.6
2026-09-05 05:00,JLT,Coffee & Desserts,311,280,172,67,48,43,3730.87,86.76,280.08,16.51,23.2,37.6,9.0
2026-09-05 05:00,Deira,Burgers & Fast Food,280,246,143,59,40,34,2826.46,83.13,252.84,16.7,18.3,33.0,5.7
2026-09-05 05:00,Deira,Middle Eastern / Shawarma,318,284,173,67,45,38,2994.82,78.81,369.81,17.6,19.1,36.3,8.2
2026-09-05 05:00,Deira,Healthy & Bowls,293,259,142,59,41,35,2964.4,84.7,275.02,18.27,18.9,36.4,4.8
2026-09-05 05:00,Deira,Asian / Sushi,285,252,146,59,40,35,2548.75,72.82,223.39,16.78,19.4,35.6,4.7
2026-09-05 05:00,Deira,Coffee & Desserts,313,282,174,67,48,41,3628.06,88.49,311.77,18.01,22.2,39.0,6.3
2026-09-05 06:00,Downtown Dubai,Burgers & Fast Food,503,464,279,112,76,64,5935.84,92.75,440.4,17.25,18.7,34.6,8.8
2026-09-05 06:00,Downtown Dubai,Middle Eastern / Shawarma,472,441,282,113,84,74,6634.58,89.66,602.48,17.45,18.7,32.9,6.8
2026-09-05 06:00,Downtown Dubai,Healthy & Bowls,511,456,257,107,80,69,5646.95,81.84,562.19,18.27,21.5,39.4,6.3
2026-09-05 06:00,Downtown Dubai,Asian / Sushi,491,434,270,103,72,62,4717.57,76.09,618.75,17.32,22.5,40.3,5.7
2026-09-05 06:00,Downtown Dubai,Coffee & Desserts,521,485,301,126,93,78,6464.95,82.88,610.94,17.75,23.8,39.9,8.7
2026-09-05 06:00,Dubai Marina,Burgers & Fast Food,472,437,251,107,73,61,5451.34,89.37,438.52,16.54,18.9,33.9,7.6
2026-09-05 06:00,Dubai Marina,Middle Eastern / Shawarma,500,460,270,106,78,69,5301.83,76.84,624.78,17.44,22.1,37.9,8.4
2026-09-05 06:00,Dubai Marina,Healthy & Bowls,493,439,283,124,85,74,6010.24,81.22,699.16,17.23,18.7,34.6,5.3
2026-09-05 06:00,Dubai Marina,Asian / Sushi,507,463,270,108,80,69,5481.02,79.44,438.07,17.68,22.2,38.8,5.4
2026-09-05 06:00,Dubai Marina,Coffee & Desserts,514,473,262,103,76,62,4920.77,79.37,578.71,18.14,19.3,35.2,8.1
2026-09-05 06:00,Business Bay,Burgers & Fast Food,373,341,202,81,60,49,4159.48,84.89,409.2,18.32,18.4,33.5,4.5
2026-09-05 06:00,Business Bay,Middle Eastern / Shawarma,378,341,198,75,53,44,3468.05,78.82,360.95,18.19,20.7,36.9,6.3
2026-09-05 06:00,Business Bay,Healthy & Bowls,406,370,226,88,60,53,4807.69,90.71,332.35,17.32,18.4,33.1,4.7
2026-09-05 06:00,Business Bay,Asian / Sushi,400,366,208,80,60,52,3777.85,72.65,408.1,17.39,18.7,35.4,7.6
2026-09-05 06:00,Business Bay,Coffee & Desserts,382,347,220,92,65,58,5115.63,88.2,392.49,16.54,20.2,36.0,5.6
2026-09-05 06:00,JLT,Burgers & Fast Food,292,270,165,67,49,42,3675.97,87.52,342.05,18.47,19.0,33.6,6.0
2026-09-05 06:00,JLT,Middle Eastern / Shawarma,276,253,159,60,45,40,3136.98,78.42,355.26,18.26,20.8,35.1,8.4
2026-09-05 06:00,JLT,Healthy & Bowls,287,257,148,59,42,34,2800.76,82.38,286.88,17.49,20.7,37.7,8.8
2026-09-05 06:00,JLT,Asian / Sushi,319,298,190,76,52,46,4160.68,90.45,336.73,17.38,18.5,33.4,6.1
2026-09-05 06:00,JLT,Coffee & Desserts,319,289,172,70,50,41,3030.64,73.92,260.19,17.08,23.6,39.1,5.5
2026-09-05 06:00,Deira,Burgers & Fast Food,300,275,170,68,47,41,3387.15,82.61,367.3,17.85,18.3,35.5,8.1
2026-09-05 06:00,Deira,Middle Eastern / Shawarma,306,276,160,68,49,41,3326.07,81.12,320.33,17.85,22.0,37.0,8.5
2026-09-05 06:00,Deira,Healthy & Bowls,304,275,177,76,57,49,4192.47,85.56,383.63,18.13,18.7,34.7,4.7
2026-09-05 06:00,Deira,Asian / Sushi,304,268,149,58,41,34,2770.0,81.47,248.88,18.44,20.6,37.1,6.3
2026-09-05 06:00,Deira,Coffee & Desserts,318,295,165,63,46,39,3370.84,86.43,325.54,17.11,21.4,36.3,8.8
2026-09-05 07:00,Downtown Dubai,Burgers & Fast Food,490,438,262,108,80,65,5806.18,89.33,599.1,17.92,21.2,39.0,4.8
2026-09-05 07:00,Downtown Dubai,Middle Eastern / Shawarma,522,483,310,132,96,80,6103.55,76.29,685.51,17.97,21.7,35.8,7.0
2026-09-05 07:00,Downtown Dubai,Healthy & Bowls,520,462,298,113,76,64,5174.32,80.85,489.33,16.52,24.0,41.0,4.3
2026-09-05 07:00,Downtown Dubai,Asian / Sushi,461,419,260,104,77,63,5312.79,84.33,622.17,17.63,20.8,36.0,8.7
2026-09-05 07:00,Downtown Dubai,Coffee & Desserts,467,423,269,105,78,67,5127.54,76.53,405.77,17.96,22.4,38.4,8.2
2026-09-05 07:00,Dubai Marina,Burgers & Fast Food,526,466,259,105,74,62,4486.33,72.36,377.83,17.44,20.9,36.2,8.4
2026-09-05 07:00,Dubai Marina,Middle Eastern / Shawarma,476,423,271,112,79,66,5116.17,77.52,553.27,17.73,19.7,37.6,5.5
2026-09-05 07:00,Dubai Marina,Healthy & Bowls,489,443,283,121,90,76,5565.33,73.23,733.91,16.99,21.6,35.9,8.4
2026-09-05 07:00,Dubai Marina,Asian / Sushi,466,422,234,90,62,52,4412.53,84.86,508.81,17.59,21.2,36.4,7.6
2026-09-05 07:00,Dubai Marina,Coffee & Desserts,455,417,247,98,71,63,5101.0,80.97,509.29,18.35,21.1,38.9,6.8
2026-09-05 07:00,Business Bay,Burgers & Fast Food,365,334,213,90,67,58,4514.11,77.83,430.35,16.98,18.4,35.6,8.5
2026-09-05 07:00,Business Bay,Middle Eastern / Shawarma,401,367,229,98,69,57,5059.57,88.76,382.01,17.09,18.6,33.8,8.9
2026-09-05 07:00,Business Bay,Healthy & Bowls,375,339,194,77,57,50,4675.63,93.51,408.24,17.26,23.0,39.1,4.4
2026-09-05 07:00,Business Bay,Asian / Sushi,359,316,202,82,60,53,4964.7,93.67,330.15,18.46,18.5,36.3,8.5
2026-09-05 07:00,Business Bay,Coffee & Desserts,367,343,210,84,58,48,3718.27,77.46,475.86,16.82,19.6,35.4,4.1
2026-09-05 07:00,JLT,Burgers & Fast Food,293,259,151,60,43,36,3139.44,87.21,242.86,17.1,18.9,34.7,8.2
2026-09-05 07:00,JLT,Middle Eastern / Shawarma,302,276,163,62,45,37,3346.86,90.46,299.82,17.84,23.5,38.6,7.4
2026-09-05 07:00,JLT,Healthy & Bowls,294,275,164,63,45,38,3014.42,79.33,327.7,17.13,18.7,33.1,4.7
2026-09-05 07:00,JLT,Asian / Sushi,311,278,168,67,49,42,3094.3,73.67,366.26,16.85,20.8,38.3,8.6
2026-09-05 07:00,JLT,Coffee & Desserts,298,274,157,59,41,34,2984.74,87.79,209.05,17.92,22.8,38.1,6.4
2026-09-05 07:00,Deira,Burgers & Fast Food,314,279,161,66,48,40,3183.29,79.58,380.66,16.82,22.2,39.7,8.8
2026-09-05 07:00,Deira,Middle Eastern / Shawarma,318,295,174,67,45,38,2841.58,74.78,339.27,17.89,18.0,35.5,6.3
2026-09-05 07:00,Deira,Healthy & Bowls,310,287,166,69,51,45,4170.37,92.67,301.73,17.2,20.1,35.4,5.1
2026-09-05 07:00,Deira,Asian / Sushi,291,264,170,65,45,39,3477.09,89.16,338.45,17.07,23.9,40.9,5.2
2026-09-05 07:00,Deira,Coffee & Desserts,304,285,174,68,50,41,2963.42,72.28,394.76,18.48,23.3,39.2,8.8
2026-09-05 08:00,Downtown Dubai,Burgers & Fast Food,525,469,271,108,73,63,5214.36,82.77,425.28,17.92,18.8,33.2,6.7
2026-09-05 08:00,Downtown Dubai,Middle Eastern / Shawarma,521,480,267,114,77,66,5437.57,82.39,408.05,18.15,20.7,36.6,5.6
2026-09-05 08:00,Downtown Dubai,Healthy & Bowls,465,425,255,107,74,62,4785.45,77.18,520.69,18.08,18.2,33.6,5.0
2026-09-05 08:00,Downtown Dubai,Asian / Sushi,518,482,284,117,83,70,6371.31,91.02,435.86,17.96,23.8,38.1,5.9
2026-09-05 08:00,Downtown Dubai,Coffee & Desserts,517,469,297,113,82,73,5448.85,74.64,626.95,17.62,20.1,34.9,6.9
2026-09-05 08:00,Dubai Marina,Burgers & Fast Food,520,484,292,125,90,77,6300.14,81.82,552.5,17.47,18.4,34.3,5.0
2026-09-05 08:00,Dubai Marina,Middle Eastern / Shawarma,525,476,287,121,85,71,6055.99,85.3,544.31,16.69,20.0,36.1,6.4
2026-09-05 08:00,Dubai Marina,Healthy & Bowls,478,447,268,106,74,62,4640.92,74.85,537.1,17.62,23.7,40.8,8.3
2026-09-05 08:00,Dubai Marina,Asian / Sushi,524,462,266,104,77,63,5543.39,87.99,526.85,16.84,18.2,32.5,5.4
2026-09-05 08:00,Dubai Marina,Coffee & Desserts,521,488,315,136,93,77,6248.58,81.15,711.03,17.18,19.9,36.9,4.5
2026-09-05 08:00,Business Bay,Burgers & Fast Food,400,372,217,85,58,48,4229.95,88.12,307.63,17.24,18.1,35.6,5.9
2026-09-05 08:00,Business Bay,Middle Eastern / Shawarma,366,335,186,79,54,45,3825.15,85.0,441.78,17.72,24.0,39.7,5.0
2026-09-05 08:00,Business Bay,Healthy & Bowls,381,356,220,88,63,55,4484.98,81.55,449.83,17.8,19.0,35.0,6.8
2026-09-05 08:00,Business Bay,Asian / Sushi,415,389,230,99,74,64,5425.25,84.77,419.38,17.23,22.0,38.9,6.9
2026-09-05 08:00,Business Bay,Coffee & Desserts,376,336,196,78,53,47,3743.93,79.66,450.91,17.32,21.9,36.2,5.7
2026-09-05 08:00,JLT,Burgers & Fast Food,308,285,170,70,52,45,3351.08,74.47,349.11,17.86,21.5,37.6,7.0
2026-09-05 08:00,JLT,Middle Eastern / Shawarma,280,256,157,60,41,36,3296.8,91.58,239.72,16.86,20.7,35.4,4.0
2026-09-05 08:00,JLT,Healthy & Bowls,292,261,167,63,43,37,2884.51,77.96,290.53,17.02,20.9,36.1,8.2
2026-09-05 08:00,JLT,Asian / Sushi,305,285,162,70,53,46,3630.52,78.92,314.76,17.02,20.3,36.5,5.2
2026-09-05 08:00,JLT,Coffee & Desserts,296,264,170,71,50,42,3660.18,87.15,309.67,17.53,22.6,37.6,5.8
2026-09-05 08:00,Deira,Burgers & Fast Food,282,252,144,55,38,33,2991.34,90.65,239.98,16.57,22.7,38.8,8.2
2026-09-05 08:00,Deira,Middle Eastern / Shawarma,278,258,160,63,44,37,3465.98,93.68,236.46,17.61,19.0,33.8,6.7
2026-09-05 08:00,Deira,Healthy & Bowls,310,277,165,65,46,38,3330.66,87.65,292.53,16.83,23.0,40.4,8.9
2026-09-05 08:00,Deira,Asian / Sushi,312,284,157,66,46,38,2867.64,75.46,323.75,17.48,20.6,37.8,9.0
2026-09-05 08:00,Deira,Coffee & Desserts,294,266,169,65,48,41,3407.35,83.11,311.81,17.78,20.2,36.5,8.0
2026-09-05 09:00,Downtown Dubai,Burgers & Fast Food,516,484,267,111,80,67,5054.06,75.43,474.47,18.19,21.7,37.3,8.3
2026-09-05 09:00,Downtown Dubai,Middle Eastern / Shawarma,523,476,299,125,86,73,5683.02,77.85,445.24,18.15,19.6,34.0,5.5
2026-09-05 09:00,Downtown Dubai,Healthy & Bowls,453,420,256,101,70,58,5071.23,87.43,474.19,16.68,19.0,36.6,8.4
2026-09-05 09:00,Downtown Dubai,Asian / Sushi,498,466,283,114,86,74,5611.28,75.83,523.43,16.71,18.2,32.4,7.2
2026-09-05 09:00,Downtown Dubai,Coffee & Desserts,512,473,261,103,78,65,5819.95,89.54,480.86,16.68,21.0,38.4,5.9
2026-09-05 09:00,Dubai Marina,Burgers & Fast Food,485,445,263,101,74,64,5844.37,91.32,600.78,17.61,20.6,37.9,5.0
2026-09-05 09:00,Dubai Marina,Middle Eastern / Shawarma,492,441,283,110,81,66,5650.07,85.61,574.3,16.63,23.0,38.6,6.9
2026-09-05 09:00,Dubai Marina,Healthy & Bowls,460,421,266,106,78,67,5286.91,78.91,495.68,17.55,19.6,35.1,7.7
2026-09-05 09:00,Dubai Marina,Asian / Sushi,454,420,272,110,76,64,5098.0,79.66,467.61,17.42,22.2,39.6,7.6
2026-09-05 09:00,Dubai Marina,Coffee & Desserts,518,468,260,108,75,63,5403.27,85.77,425.65,17.65,23.1,38.1,8.2
2026-09-05 09:00,Business Bay,Burgers & Fast Food,402,360,224,92,65,55,4073.84,74.07,531.45,17.34,19.1,36.5,5.4
2026-09-05 09:00,Business Bay,Middle Eastern / Shawarma,377,338,203,80,59,52,4653.22,89.49,384.59,18.47,23.4,40.2,5.9
2026-09-05 09:00,Business Bay,Healthy & Bowls,385,351,216,87,61,54,4676.88,86.61,345.3,17.82,22.4,40.3,4.9
2026-09-05 09:00,Business Bay,Asian / Sushi,412,379,237,98,72,63,5905.26,93.73,502.82,17.8,19.8,34.6,6.8
2026-09-05 09:00,Business Bay,Coffee & Desserts,389,353,217,85,61,52,3989.27,76.72,472.75,17.38,22.7,38.4,4.4
2026-09-05 09:00,JLT,Burgers & Fast Food,319,297,166,65,46,38,3118.43,82.06,280.24,16.62,20.4,38.3,5.7
2026-09-05 09:00,JLT,Middle Eastern / Shawarma,280,249,150,62,45,37,2764.84,74.73,251.18,17.05,19.1,35.2,6.6
2026-09-05 09:00,JLT,Healthy & Bowls,276,259,166,64,43,38,3120.87,82.13,356.61,17.59,19.1,34.6,8.8
2026-09-05 09:00,JLT,Asian / Sushi,315,277,154,63,43,37,2696.65,72.88,296.57,16.72,18.4,33.4,5.8
2026-09-05 09:00,JLT,Coffee & Desserts,305,277,162,68,48,40,3611.86,90.3,279.52,16.79,23.9,40.5,4.7
2026-09-05 09:00,Deira,Burgers & Fast Food,316,294,163,63,47,38,2789.55,73.41,284.37,18.15,21.8,38.9,4.6
2026-09-05 09:00,Deira,Middle Eastern / Shawarma,287,259,162,63,43,37,2909.62,78.64,294.35,18.2,23.3,39.7,4.4
2026-09-05 09:00,Deira,Healthy & Bowls,286,260,161,67,48,39,3584.88,91.92,251.74,18.39,21.1,37.2,7.1
2026-09-05 09:00,Deira,Asian / Sushi,306,276,155,68,49,43,3469.15,80.68,268.37,18.17,20.7,37.4,7.5
2026-09-05 09:00,Deira,Coffee & Desserts,303,278,152,65,49,41,3060.13,74.64,372.39,18.15,21.3,36.6,6.2
2026-09-05 10:00,Downtown Dubai,Burgers & Fast Food,489,453,253,105,75,62,5634.62,90.88,539.36,18.47,21.9,37.5,5.9
2026-09-05 10:00,Downtown Dubai,Middle Eastern / Shawarma,499,466,273,110,80,71,6367.0,89.68,458.48,17.81,23.3,37.4,7.5
2026-09-05 10:00,Downtown Dubai,Healthy & Bowls,487,450,262,112,76,67,5912.9,88.25,653.73,17.02,18.9,34.6,7.0
2026-09-05 10:00,Downtown Dubai,Asian / Sushi,528,485,287,123,86,76,5476.98,72.07,739.56,17.66,21.7,39.6,7.8
2026-09-05 10:00,Downtown Dubai,Coffee & Desserts,526,480,282,113,80,66,5104.69,77.34,597.92,18.31,20.8,37.1,6.4
2026-09-05 10:00,Dubai Marina,Burgers & Fast Food,469,417,263,107,73,64,5874.39,91.79,399.54,17.66,21.6,36.2,5.2
2026-09-05 10:00,Dubai Marina,Middle Eastern / Shawarma,468,416,270,111,81,67,5153.77,76.92,541.45,17.82,20.0,34.3,6.3
2026-09-05 10:00,Dubai Marina,Healthy & Bowls,491,444,271,115,82,68,5220.99,76.78,608.02,16.73,22.0,37.2,5.7
2026-09-05 10:00,Dubai Marina,Asian / Sushi,478,427,273,108,80,69,5893.63,85.41,498.8,18.28,23.3,37.7,5.6
2026-09-05 10:00,Dubai Marina,Coffee & Desserts,505,454,259,104,78,69,6440.49,93.34,684.54,17.61,21.7,38.6,4.1
2026-09-05 10:00,Business Bay,Burgers & Fast Food,371,340,197,79,58,48,4474.7,93.22,324.74,17.56,22.2,37.6,7.2
2026-09-05 10:00,Business Bay,Middle Eastern / Shawarma,387,358,231,95,69,58,4997.24,86.16,490.92,16.61,22.9,40.8,5.6
2026-09-05 10:00,Business Bay,Healthy & Bowls,364,329,208,80,57,46,3539.31,76.94,312.44,18.03,20.7,38.1,7.7
2026-09-05 10:00,Business Bay,Asian / Sushi,406,381,242,105,73,61,4398.43,72.11,393.79,17.76,20.7,37.2,6.5
2026-09-05 10:00,Business Bay,Coffee & Desserts,409,365,222,94,64,53,4632.78,87.41,453.03,18.11,23.6,37.9,6.2
2026-09-05 10:00,JLT,Burgers & Fast Food,279,261,166,63,45,40,3217.79,80.44,394.57,18.19,22.5,36.7,5.0
2026-09-05 10:00,JLT,Middle Eastern / Shawarma,295,276,156,61,42,37,2959.79,79.99,281.52,16.97,22.9,40.0,6.8
2026-09-05 10:00,JLT,Healthy & Bowls,289,256,150,58,40,33,2805.11,85.0,211.02,18.24,18.7,35.1,4.2
2026-09-05 10:00,JLT,Asian / Sushi,275,258,156,67,50,42,3407.54,81.13,294.28,17.55,20.6,36.8,5.8
2026-09-05 10:00,JLT,Coffee & Desserts,292,268,168,70,51,45,3349.15,74.43,293.13,17.52,23.4,38.4,6.3
2026-09-05 10:00,Deira,Burgers & Fast Food,276,251,157,62,46,40,3374.98,84.37,345.64,16.86,20.6,35.8,4.0
2026-09-05 10:00,Deira,Middle Eastern / Shawarma,286,267,160,64,46,38,3278.4,86.27,378.8,17.5,22.5,39.2,8.6
2026-09-05 10:00,Deira,Healthy & Bowls,313,276,168,65,45,37,3095.62,83.67,369.68,17.35,22.4,39.8,4.3
2026-09-05 10:00,Deira,Asian / Sushi,308,275,165,71,48,39,3381.52,86.71,281.07,18.21,22.2,37.7,5.1
2026-09-05 10:00,Deira,Coffee & Desserts,287,256,141,58,42,35,3024.56,86.42,341.56,18.28,18.4,34.2,7.4
2026-09-05 11:00,Downtown Dubai,Burgers & Fast Food,468,422,240,102,72,60,4563.43,76.06,426.9,17.88,20.0,36.5,4.9
2026-09-05 11:00,Downtown Dubai,Middle Eastern / Shawarma,518,460,296,116,86,74,6462.59,87.33,693.04,18.22,22.4,39.7,4.5
2026-09-05 11:00,Downtown Dubai,Healthy & Bowls,467,427,266,112,80,70,5858.37,83.69,512.26,17.62,18.4,34.0,5.7
2026-09-05 11:00,Downtown Dubai,Asian / Sushi,518,477,292,114,83,70,5104.05,72.92,592.25,16.82,20.3,35.3,7.6
2026-09-05 11:00,Downtown Dubai,Coffee & Desserts,462,427,275,106,77,68,6268.78,92.19,662.88,17.46,22.2,40.1,4.8
2026-09-05 11:00,Dubai Marina,Burgers & Fast Food,451,408,253,97,66,57,4213.11,73.91,553.97,18.21,20.8,36.5,6.8
2026-09-05 11:00,Dubai Marina,Middle Eastern / Shawarma,511,460,261,109,77,68,5440.26,80.0,561.89,17.74,21.3,38.0,4.9
2026-09-05 11:00,Dubai Marina,Healthy & Bowls,509,464,301,120,86,76,5821.22,76.6,520.98,17.83,19.8,34.8,5.5
2026-09-05 11:00,Dubai Marina,Asian / Sushi,510,472,302,129,93,78,6469.23,82.94,738.53,18.23,22.7,40.5,6.7
2026-09-05 11:00,Dubai Marina,Coffee & Desserts,516,455,261,105,78,69,6482.87,93.95,444.28,17.47,22.4,37.5,8.3
2026-09-05 11:00,Business Bay,Burgers & Fast Food,395,370,223,98,71,58,4727.63,81.51,575.23,17.15,21.8,38.2,6.2
2026-09-05 11:00,Business Bay,Middle Eastern / Shawarma,371,328,193,78,56,46,4077.38,88.64,412.73,17.48,19.6,34.6,4.8
2026-09-05 11:00,Business Bay,Healthy & Bowls,363,319,194,82,59,50,3721.08,74.42,404.2,17.11,20.8,37.2,7.2
2026-09-05 11:00,Business Bay,Asian / Sushi,402,354,218,82,61,51,4372.53,85.74,435.38,17.73,18.5,33.3,7.6
2026-09-05 11:00,Business Bay,Coffee & Desserts,364,337,206,85,58,48,3999.79,83.33,436.21,16.81,21.4,38.7,4.3
2026-09-05 11:00,JLT,Burgers & Fast Food,290,267,169,65,46,38,3238.29,85.22,355.13,18.42,22.0,39.8,4.0
2026-09-05 11:00,JLT,Middle Eastern / Shawarma,306,283,172,72,53,47,3824.55,81.37,346.46,16.83,19.8,35.6,8.1
2026-09-05 11:00,JLT,Healthy & Bowls,308,283,171,66,49,41,2955.73,72.09,274.51,18.11,19.3,33.4,5.6
2026-09-05 11:00,JLT,Asian / Sushi,287,254,146,61,44,38,2870.29,75.53,364.95,17.94,19.0,33.1,6.6
2026-09-05 11:00,JLT,Coffee & Desserts,314,276,160,62,44,37,3356.14,90.71,329.14,17.16,21.8,39.0,5.3
2026-09-05 11:00,Deira,Burgers & Fast Food,300,274,174,74,51,45,4185.25,93.01,275.61,18.08,18.0,33.0,5.9
2026-09-05 11:00,Deira,Middle Eastern / Shawarma,320,288,163,68,46,39,3607.71,92.51,250.89,16.69,24.0,40.6,8.2
2026-09-05 11:00,Deira,Healthy & Bowls,294,268,154,60,44,37,2884.26,77.95,316.19,16.7,19.8,37.6,7.6
2026-09-05 11:00,Deira,Asian / Sushi,277,256,155,63,43,38,3394.79,89.34,232.82,16.57,18.6,35.1,5.7
2026-09-05 11:00,Deira,Coffee & Desserts,295,272,162,67,49,40,3572.39,89.31,285.41,16.8,19.7,36.6,5.9
2026-09-05 12:00,Downtown Dubai,Burgers & Fast Food,1085,995,562,230,169,150,11796.12,78.64,930.94,18.45,23.4,41.2,5.6
2026-09-05 12:00,Downtown Dubai,Middle Eastern / Shawarma,1012,944,593,244,184,162,13575.21,83.8,1094.76,16.62,22.1,38.7,8.0
2026-09-05 12:00,Downtown Dubai,Healthy & Bowls,966,871,486,200,140,125,10178.2,81.43,1229.1,16.89,23.9,39.7,5.7
2026-09-05 12:00,Downtown Dubai,Asian / Sushi,973,878,566,215,160,141,10892.18,77.25,974.7,17.05,23.5,41.2,8.5
2026-09-05 12:00,Downtown Dubai,Coffee & Desserts,1048,934,598,259,191,163,13416.33,82.31,984.71,17.88,21.9,37.4,6.7
2026-09-05 12:00,Dubai Marina,Burgers & Fast Food,1078,949,563,241,175,154,12498.14,81.16,1292.25,16.63,19.7,33.8,6.1
2026-09-05 12:00,Dubai Marina,Middle Eastern / Shawarma,1033,939,575,246,168,146,13424.72,91.95,1250.67,17.26,20.9,36.5,7.6
2026-09-05 12:00,Dubai Marina,Healthy & Bowls,1076,983,621,248,178,155,14008.77,90.38,1023.7,17.92,21.7,39.2,4.5
2026-09-05 12:00,Dubai Marina,Asian / Sushi,1128,1056,583,248,182,158,12814.26,81.1,1352.39,16.59,18.8,35.2,6.4
2026-09-05 12:00,Dubai Marina,Coffee & Desserts,1107,982,554,235,175,154,11951.63,77.61,1421.18,17.24,22.7,39.0,6.3
2026-09-05 12:00,Business Bay,Burgers & Fast Food,806,743,418,166,122,105,7847.47,74.74,856.85,17.62,21.9,37.3,8.7
2026-09-05 12:00,Business Bay,Middle Eastern / Shawarma,799,736,411,174,124,102,8088.05,79.29,935.17,18.22,22.5,40.5,7.8
2026-09-05 12:00,Business Bay,Healthy & Bowls,837,738,460,180,128,112,9224.25,82.36,908.79,17.9,18.5,35.7,8.5
2026-09-05 12:00,Business Bay,Asian / Sushi,807,749,446,194,134,113,8197.13,72.54,884.94,16.99,18.2,33.1,8.5
2026-09-05 12:00,Business Bay,Coffee & Desserts,785,725,430,186,135,111,9406.3,84.74,743.77,17.59,18.4,35.8,6.4
2026-09-05 12:00,JLT,Burgers & Fast Food,607,534,310,120,82,68,6171.88,90.76,498.91,17.65,23.2,37.8,8.8
2026-09-05 12:00,JLT,Middle Eastern / Shawarma,601,539,340,141,103,90,7657.96,85.09,635.43,17.03,19.2,34.2,6.0
2026-09-05 12:00,JLT,Healthy & Bowls,600,535,347,133,97,81,6542.55,80.77,578.95,16.87,23.4,39.2,8.3
2026-09-05 12:00,JLT,Asian / Sushi,687,626,389,157,110,90,8164.67,90.72,784.0,17.5,23.2,40.4,4.9
2026-09-05 12:00,JLT,Coffee & Desserts,638,592,379,157,116,98,8783.37,89.63,913.66,16.93,20.3,37.0,7.6
2026-09-05 12:00,Deira,Burgers & Fast Food,598,559,361,145,104,91,8177.68,89.86,846.38,17.47,23.4,39.2,8.7
2026-09-05 12:00,Deira,Middle Eastern / Shawarma,591,524,316,138,100,84,6609.36,78.68,626.78,18.08,20.7,38.1,7.0
2026-09-05 12:00,Deira,Healthy & Bowls,613,556,340,134,101,88,6561.47,74.56,767.47,17.11,19.4,34.5,4.8
2026-09-05 12:00,Deira,Asian / Sushi,671,620,361,155,112,93,7146.63,76.85,884.09,17.15,18.3,32.7,7.2
2026-09-05 12:00,Deira,Coffee & Desserts,685,616,371,146,104,88,7116.3,80.87,550.19,17.22,18.1,34.1,5.7
2026-09-05 13:00,Downtown Dubai,Burgers & Fast Food,970,904,550,215,160,143,12032.11,84.14,1154.04,16.81,22.9,40.6,4.2
2026-09-05 13:00,Downtown Dubai,Middle Eastern / Shawarma,1084,998,601,238,162,135,9770.0,72.37,1097.33,16.75,20.6,38.4,5.7
2026-09-05 13:00,Downtown Dubai,Healthy & Bowls,1125,1028,633,252,186,159,12756.2,80.23,1249.28,18.09,20.9,38.5,7.9
2026-09-05 13:00,Downtown Dubai,Asian / Sushi,1103,1000,595,241,165,141,11875.03,84.22,900.1,18.38,20.6,36.7,5.9
2026-09-05 13:00,Downtown Dubai,Coffee & Desserts,1071,979,543,207,152,126,9531.24,75.64,1080.55,18.02,19.6,37.1,4.5
2026-09-05 13:00,Dubai Marina,Burgers & Fast Food,1011,933,581,252,186,161,11908.44,73.97,1547.33,17.64,18.9,34.4,6.9
2026-09-05 13:00,Dubai Marina,Middle Eastern / Shawarma,1076,989,566,215,150,126,10151.69,80.57,1053.68,16.76,19.9,34.6,7.3
2026-09-05 13:00,Dubai Marina,Healthy & Bowls,1102,1015,596,232,166,146,13592.86,93.1,1263.21,16.66,19.9,34.2,6.3
2026-09-05 13:00,Dubai Marina,Asian / Sushi,989,898,550,220,156,129,10043.59,77.86,1121.78,16.79,23.1,37.8,8.2
2026-09-05 13:00,Dubai Marina,Coffee & Desserts,1053,931,516,200,141,121,9537.82,78.82,848.55,16.98,20.2,34.3,7.8
2026-09-05 13:00,Business Bay,Burgers & Fast Food,777,694,411,177,121,99,8246.44,83.3,709.33,16.74,18.7,36.4,7.6
2026-09-05 13:00,Business Bay,Middle Eastern / Shawarma,837,757,461,195,145,125,10666.13,85.33,1155.63,16.62,21.8,39.3,5.6
2026-09-05 13:00,Business Bay,Healthy & Bowls,836,782,470,190,137,122,9835.57,80.62,902.96,18.09,23.9,40.3,6.1
2026-09-05 13:00,Business Bay,Asian / Sushi,874,807,513,205,150,130,11282.15,86.79,1138.9,18.1,18.4,33.2,8.2
2026-09-05 13:00,Business Bay,Coffee & Desserts,840,768,471,201,148,132,11780.65,89.25,1261.28,18.09,20.7,37.9,5.8
2026-09-05 13:00,JLT,Burgers & Fast Food,686,632,403,154,112,97,7505.73,77.38,663.78,18.0,22.1,39.3,5.5
2026-09-05 13:00,JLT,Middle Eastern / Shawarma,659,610,376,151,103,84,6720.58,80.01,568.19,17.55,22.9,37.8,6.8
2026-09-05 13:00,JLT,Healthy & Bowls,664,615,345,136,101,89,6849.25,76.96,842.07,17.23,23.2,37.7,8.3
2026-09-05 13:00,JLT,Asian / Sushi,654,586,355,147,100,85,6774.33,79.7,538.0,17.58,18.7,35.5,7.7
2026-09-05 13:00,JLT,Coffee & Desserts,678,600,361,154,111,93,7046.47,75.77,860.01,18.47,19.6,35.1,6.7
2026-09-05 13:00,Deira,Burgers & Fast Food,615,566,342,149,112,99,8233.72,83.17,800.26,17.37,21.6,36.9,4.5
2026-09-05 13:00,Deira,Middle Eastern / Shawarma,604,548,348,139,102,87,7732.56,88.88,736.36,17.32,18.6,33.0,5.7
2026-09-05 13:00,Deira,Healthy & Bowls,654,598,353,153,108,89,7864.19,88.36,579.04,17.74,23.3,40.6,8.8
2026-09-05 13:00,Deira,Asian / Sushi,677,629,373,147,101,85,7664.72,90.17,816.83,16.68,23.2,39.0,7.4
2026-09-05 13:00,Deira,Coffee & Desserts,620,562,326,125,94,78,6909.08,88.58,650.91,16.72,22.6,38.8,5.2
2026-09-05 14:00,Downtown Dubai,Burgers & Fast Food,971,897,581,232,163,145,11266.51,77.7,1154.36,17.12,18.3,32.7,7.6
2026-09-05 14:00,Downtown Dubai,Middle Eastern / Shawarma,989,892,532,220,153,134,12069.41,90.07,916.5,16.55,21.8,39.5,7.2
2026-09-05 14:00,Downtown Dubai,Healthy & Bowls,982,884,564,245,166,149,12469.19,83.69,1175.55,18.16,23.2,39.1,8.0
2026-09-05 14:00,Downtown Dubai,Asian / Sushi,1098,1024,597,254,173,144,10643.42,73.91,945.85,17.56,20.5,35.9,5.6
2026-09-05 14:00,Downtown Dubai,Coffee & Desserts,1052,973,591,225,169,143,10871.37,76.02,882.4,17.02,18.4,35.9,5.1
2026-09-05 14:00,Dubai Marina,Burgers & Fast Food,989,894,566,241,167,140,11294.12,80.67,1001.94,16.6,18.6,33.8,5.1
2026-09-05 14:00,Dubai Marina,Middle Eastern / Shawarma,1100,1017,575,238,165,140,10899.14,77.85,990.32,17.99,19.8,36.2,4.6
2026-09-05 14:00,Dubai Marina,Healthy & Bowls,1097,978,633,253,180,156,11954.21,76.63,1473.56,17.42,18.4,35.9,8.7
2026-09-05 14:00,Dubai Marina,Asian / Sushi,1108,1031,638,277,195,170,12577.81,73.99,1476.34,17.48,22.1,36.8,7.8
2026-09-05 14:00,Dubai Marina,Coffee & Desserts,1098,1023,649,277,190,166,13337.93,80.35,1651.12,17.17,20.7,38.4,5.4
2026-09-05 14:00,Business Bay,Burgers & Fast Food,798,724,429,187,130,115,9209.35,80.08,714.02,17.21,22.2,37.8,6.7
2026-09-05 14:00,Business Bay,Middle Eastern / Shawarma,815,724,408,168,119,98,7924.18,80.86,817.4,17.57,21.0,35.6,8.7
2026-09-05 14:00,Business Bay,Healthy & Bowls,875,778,505,207,144,128,11970.32,93.52,922.62,16.71,21.9,37.3,7.0
2026-09-05 14:00,Business Bay,Asian / Sushi,856,790,442,183,125,105,9119.89,86.86,697.93,17.7,19.8,37.4,6.1
2026-09-05 14:00,Business Bay,Coffee & Desserts,838,753,424,162,110,96,7483.24,77.95,955.24,18.21,22.8,37.9,4.2
2026-09-05 14:00,JLT,Burgers & Fast Food,591,532,305,120,88,77,6058.33,78.68,482.35,16.87,23.3,39.0,4.2
2026-09-05 14:00,JLT,Middle Eastern / Shawarma,617,571,322,127,89,73,6718.64,92.04,463.24,16.86,18.3,35.6,5.6
2026-09-05 14:00,JLT,Healthy & Bowls,626,566,345,133,94,77,6223.33,80.82,544.02,16.6,18.8,36.1,6.3
2026-09-05 14:00,JLT,Asian / Sushi,663,623,365,159,116,96,7689.76,80.1,805.16,18.35,22.2,38.0,5.7
2026-09-05 14:00,JLT,Coffee & Desserts,608,558,359,142,100,87,7438.15,85.5,602.3,18.11,23.3,39.4,4.9
2026-09-05 14:00,Deira,Burgers & Fast Food,622,574,346,151,106,93,8402.53,90.35,692.82,17.99,20.6,38.5,4.1
2026-09-05 14:00,Deira,Middle Eastern / Shawarma,652,609,369,155,107,96,7407.11,77.16,900.91,18.44,22.5,39.2,5.8
2026-09-05 14:00,Deira,Healthy & Bowls,591,526,341,144,101,84,7122.21,84.79,816.92,18.12,23.1,39.2,5.6
2026-09-05 14:00,Deira,Asian / Sushi,667,625,400,163,122,104,7953.76,76.48,678.19,17.9,19.1,34.0,8.9
2026-09-05 14:00,Deira,Coffee & Desserts,664,587,367,143,103,91,8337.37,91.62,700.44,17.19,18.1,35.0,7.7
2026-09-05 15:00,Downtown Dubai,Burgers & Fast Food,456,405,245,95,65,58,4326.69,74.6,399.06,16.66,21.4,37.6,4.8
2026-09-05 15:00,Downtown Dubai,Middle Eastern / Shawarma,467,413,237,98,69,57,4297.48,75.39,416.46,16.52,20.6,36.7,6.7
2026-09-05 15:00,Downtown Dubai,Healthy & Bowls,495,461,298,118,89,79,6842.18,86.61,497.6,18.09,20.2,36.5,6.0
2026-09-05 15:00,Downtown Dubai,Asian / Sushi,465,430,275,116,85,73,6306.2,86.39,553.4,17.94,22.6,40.1,5.5
2026-09-05 15:00,Downtown Dubai,Coffee & Desserts,467,429,249,95,71,63,5178.19,82.19,438.61,16.53,23.5,39.8,5.0
2026-09-05 15:00,Dubai Marina,Burgers & Fast Food,506,458,278,110,79,67,5645.63,84.26,429.7,16.79,22.1,37.9,5.6
2026-09-05 15:00,Dubai Marina,Middle Eastern / Shawarma,514,472,293,123,86,75,6926.41,92.35,602.47,16.95,23.3,40.7,4.4
2026-09-05 15:00,Dubai Marina,Healthy & Bowls,517,461,285,113,83,74,6112.25,82.6,706.98,17.59,23.6,41.3,4.3
2026-09-05 15:00,Dubai Marina,Asian / Sushi,509,474,282,118,83,72,5876.73,81.62,632.15,16.83,19.3,34.7,8.1
2026-09-05 15:00,Dubai Marina,Coffee & Desserts,476,442,258,107,74,65,4897.52,75.35,472.74,17.33,21.0,36.1,8.7
2026-09-05 15:00,Business Bay,Burgers & Fast Food,375,336,210,81,61,51,4666.43,91.5,508.87,16.92,18.8,36.6,7.3
2026-09-05 15:00,Business Bay,Middle Eastern / Shawarma,356,328,193,83,61,51,4601.16,90.22,331.86,16.59,24.0,39.5,6.1
2026-09-05 15:00,Business Bay,Healthy & Bowls,402,371,224,93,70,59,4517.14,76.56,496.41,17.2,19.4,34.4,4.4
2026-09-05 15:00,Business Bay,Asian / Sushi,370,328,201,80,54,45,3791.48,84.26,309.06,16.81,19.4,34.4,7.4
2026-09-05 15:00,Business Bay,Coffee & Desserts,380,353,225,97,66,55,4053.83,73.71,545.58,18.24,22.6,38.5,4.6
2026-09-05 15:00,JLT,Burgers & Fast Food,310,282,172,66,49,41,3527.53,86.04,358.67,17.13,22.6,39.4,4.1
2026-09-05 15:00,JLT,Middle Eastern / Shawarma,311,291,183,74,54,48,4017.39,83.7,418.23,17.63,18.9,34.5,6.4
2026-09-05 15:00,JLT,Healthy & Bowls,278,258,145,61,41,35,2636.21,75.32,315.18,17.23,19.0,36.7,5.9
2026-09-05 15:00,JLT,Asian / Sushi,284,266,154,60,41,34,2607.5,76.69,221.59,17.23,20.3,37.3,7.9
2026-09-05 15:00,JLT,Coffee & Desserts,290,259,153,60,44,37,3427.65,92.64,262.49,16.59,22.0,38.2,8.3
2026-09-05 15:00,Deira,Burgers & Fast Food,279,258,164,69,50,44,3686.18,83.78,328.71,17.98,21.4,36.9,4.2
2026-09-05 15:00,Deira,Middle Eastern / Shawarma,320,296,185,77,53,43,3438.28,79.96,349.2,18.37,21.4,37.2,7.6
2026-09-05 15:00,Deira,Healthy & Bowls,286,265,151,61,43,37,2989.92,80.81,260.71,18.48,21.3,37.5,7.3
2026-09-05 15:00,Deira,Asian / Sushi,307,270,154,59,40,33,2756.38,83.53,296.66,17.91,21.5,39.3,8.0
2026-09-05 15:00,Deira,Coffee & Desserts,305,274,162,63,44,37,2908.84,78.62,302.07,17.55,18.7,33.3,6.4
2026-09-05 16:00,Downtown Dubai,Burgers & Fast Food,478,424,265,115,78,65,4733.65,72.83,532.88,18.32,23.4,40.4,8.4
2026-09-05 16:00,Downtown Dubai,Middle Eastern / Shawarma,452,407,255,106,76,62,4779.26,77.08,613.2,16.68,19.6,36.8,4.9
2026-09-05 16:00,Downtown Dubai,Healthy & Bowls,484,445,249,102,70,59,5463.79,92.61,392.43,18.16,21.3,38.1,4.1
2026-09-05 16:00,Downtown Dubai,Asian / Sushi,483,435,267,108,77,64,5612.48,87.69,470.36,17.61,18.2,33.5,5.6
2026-09-05 16:00,Downtown Dubai,Coffee & Desserts,467,432,272,112,78,64,6003.71,93.81,484.62,17.84,20.5,35.0,5.1
2026-09-05 16:00,Dubai Marina,Burgers & Fast Food,464,408,237,95,71,62,5658.36,91.26,532.77,16.64,22.5,40.0,6.9
2026-09-05 16:00,Dubai Marina,Middle Eastern / Shawarma,523,469,283,118,88,75,6624.22,88.32,638.89,16.88,19.2,35.9,4.3
2026-09-05 16:00,Dubai Marina,Healthy & Bowls,489,445,274,111,76,65,5033.84,77.44,416.2,16.64,20.0,36.9,4.6
2026-09-05 16:00,Dubai Marina,Asian / Sushi,508,449,266,115,80,69,5383.22,78.02,616.35,18.4,21.3,36.1,8.7
2026-09-05 16:00,Dubai Marina,Coffee & Desserts,467,414,248,100,74,61,4913.32,80.55,374.01,16.85,20.1,34.2,8.8
2026-09-05 16:00,Business Bay,Burgers & Fast Food,369,335,213,92,68,58,4306.81,74.26,571.22,17.49,22.8,39.2,8.6
2026-09-05 16:00,Business Bay,Middle Eastern / Shawarma,357,314,183,69,49,42,3689.88,87.85,282.82,17.22,23.5,39.3,8.0
2026-09-05 16:00,Business Bay,Healthy & Bowls,375,332,190,73,50,41,3179.12,77.54,335.53,18.21,19.7,36.9,8.0
2026-09-05 16:00,Business Bay,Asian / Sushi,383,352,197,75,54,44,3883.42,88.26,362.46,17.86,20.4,37.6,6.4
2026-09-05 16:00,Business Bay,Coffee & Desserts,359,335,193,79,58,51,3760.37,73.73,370.67,16.98,20.1,37.9,7.5
2026-09-05 16:00,JLT,Burgers & Fast Food,305,275,156,65,44,37,3168.19,85.63,252.27,16.52,23.1,37.6,4.9
2026-09-05 16:00,JLT,Middle Eastern / Shawarma,313,276,168,70,49,40,3282.68,82.07,294.83,18.43,23.7,41.7,4.4
2026-09-05 16:00,JLT,Healthy & Bowls,297,268,157,67,50,44,3494.64,79.42,328.96,17.74,23.0,39.2,4.9
2026-09-05 16:00,JLT,Asian / Sushi,287,258,150,60,45,38,3064.78,80.65,279.41,18.45,20.1,35.7,6.6
2026-09-05 16:00,JLT,Coffee & Desserts,310,274,163,67,48,41,3228.62,78.75,275.77,16.95,20.4,36.7,7.4
2026-09-05 16:00,Deira,Burgers & Fast Food,284,257,161,66,45,38,2740.59,72.12,316.39,16.67,18.6,35.7,8.0
2026-09-05 16:00,Deira,Middle Eastern / Shawarma,316,281,158,63,45,39,3376.69,86.58,378.53,16.82,22.0,39.4,6.2
2026-09-05 16:00,Deira,Healthy & Bowls,302,268,170,68,46,38,3422.11,90.06,371.05,17.99,18.9,33.7,7.4
2026-09-05 16:00,Deira,Asian / Sushi,311,285,185,74,50,41,3040.58,74.16,271.89,16.71,19.9,37.7,5.5
2026-09-05 16:00,Deira,Coffee & Desserts,275,251,150,57,39,32,2815.75,87.99,312.22,17.71,18.1,35.2,6.8
2026-09-05 17:00,Downtown Dubai,Burgers & Fast Food,478,420,247,104,78,67,4882.45,72.87,632.73,17.43,20.5,36.2,7.0
2026-09-05 17:00,Downtown Dubai,Middle Eastern / Shawarma,455,402,253,107,75,61,5615.86,92.06,593.0,17.39,18.6,35.0,7.9
2026-09-05 17:00,Downtown Dubai,Healthy & Bowls,495,462,277,121,83,74,5463.7,73.83,462.83,16.91,20.9,36.5,8.3
2026-09-05 17:00,Downtown Dubai,Asian / Sushi,451,398,246,94,64,54,4389.83,81.29,539.12,16.52,18.2,35.8,4.9
2026-09-05 17:00,Downtown Dubai,Coffee & Desserts,509,455,251,95,70,58,4671.15,80.54,360.15,17.74,21.6,36.0,6.9
2026-09-05 17:00,Dubai Marina,Burgers & Fast Food,453,420,232,98,71,61,5061.11,82.97,534.95,18.38,22.2,37.9,5.0
2026-09-05 17:00,Dubai Marina,Middle Eastern / Shawarma,488,439,284,116,87,75,6313.5,84.18,520.85,17.72,18.7,32.9,8.3
2026-09-05 17:00,Dubai Marina,Healthy & Bowls,468,426,254,102,76,63,4578.07,72.67,600.58,17.89,21.3,38.6,8.4
2026-09-05 17:00,Dubai Marina,Asian / Sushi,465,433,241,99,72,60,4970.93,82.85,565.91,17.96,20.2,35.5,4.7
2026-09-05 17:00,Dubai Marina,Coffee & Desserts,458,405,226,88,60,53,4644.46,87.63,338.36,18.17,19.9,34.2,8.7
2026-09-05 17:00,Business Bay,Burgers & Fast Food,396,359,198,75,55,47,3763.66,80.08,297.46,17.42,23.5,37.9,8.0
2026-09-05 17:00,Business Bay,Middle Eastern / Shawarma,382,340,197,78,57,48,4071.76,84.83,410.98,17.73,19.2,35.3,8.0
2026-09-05 17:00,Business Bay,Healthy & Bowls,394,347,209,80,55,49,3686.55,75.24,464.66,17.13,20.7,38.5,6.9
2026-09-05 17:00,Business Bay,Asian / Sushi,385,339,205,82,58,48,4113.6,85.7,393.53,17.92,21.6,38.4,4.8
2026-09-05 17:00,Business Bay,Coffee & Desserts,355,322,196,81,55,47,3896.57,82.91,350.7,16.76,18.5,35.1,5.3
2026-09-05 17:00,JLT,Burgers & Fast Food,308,282,175,71,52,44,3449.06,78.39,366.89,17.56,18.8,34.9,7.3
2026-09-05 17:00,JLT,Middle Eastern / Shawarma,287,265,155,63,43,37,3298.65,89.15,288.85,16.56,23.9,41.4,7.7
2026-09-05 17:00,JLT,Healthy & Bowls,279,262,149,58,40,32,2316.08,72.38,293.55,17.85,22.3,40.0,5.8
2026-09-05 17:00,JLT,Asian / Sushi,284,265,158,62,46,40,3260.95,81.52,379.93,17.97,21.6,36.4,6.1
2026-09-05 17:00,JLT,Coffee & Desserts,291,269,160,64,43,37,3150.15,85.14,278.37,18.08,23.7,39.9,7.2
2026-09-05 17:00,Deira,Burgers & Fast Food,283,258,156,61,41,36,3183.51,88.43,359.51,18.18,22.4,37.3,4.8
2026-09-05 17:00,Deira,Middle Eastern / Shawarma,289,263,162,65,46,37,2773.85,74.97,225.14,16.85,23.3,41.3,8.4
2026-09-05 17:00,Deira,Healthy & Bowls,313,283,179,74,53,46,3770.6,81.97,360.61,17.91,19.8,35.4,8.4
2026-09-05 17:00,Deira,Asian / Sushi,289,258,145,58,41,35,2586.45,73.9,324.39,18.09,22.6,38.5,8.1
2026-09-05 17:00,Deira,Coffee & Desserts,298,262,154,59,43,35,2728.42,77.95,295.27,18.4,22.9,38.6,5.9
2026-09-05 18:00,Downtown Dubai,Burgers & Fast Food,499,468,271,111,83,68,5901.28,86.78,677.93,18.34,22.5,37.3,5.7
2026-09-05 18:00,Downtown Dubai,Middle Eastern / Shawarma,462,430,240,93,63,52,3801.24,73.1,513.04,16.6,22.2,39.5,4.7
2026-09-05 18:00,Downtown Dubai,Healthy & Bowls,511,462,283,119,83,69,5480.04,79.42,591.5,17.77,19.6,36.1,4.5
2026-09-05 18:00,Downtown Dubai,Asian / Sushi,472,427,248,100,72,62,5826.71,93.98,394.66,16.57,22.7,38.9,6.4
2026-09-05 18:00,Downtown Dubai,Coffee & Desserts,457,428,269,113,80,68,5350.61,78.69,658.47,16.69,19.1,35.5,7.9
2026-09-05 18:00,Dubai Marina,Burgers & Fast Food,482,428,246,94,65,53,3831.11,72.29,372.6,17.82,18.5,34.4,7.8
2026-09-05 18:00,Dubai Marina,Middle Eastern / Shawarma,526,476,295,112,84,70,6266.27,89.52,462.26,16.77,23.5,39.6,7.4
2026-09-05 18:00,Dubai Marina,Healthy & Bowls,500,457,295,124,86,77,6168.6,80.11,711.12,16.82,23.1,41.1,7.6
2026-09-05 18:00,Dubai Marina,Asian / Sushi,466,430,246,102,70,58,4667.61,80.48,490.72,17.31,23.9,38.4,5.8
2026-09-05 18:00,Dubai Marina,Coffee & Desserts,513,458,281,122,83,68,5984.89,88.01,503.25,16.99,18.0,35.7,4.9
2026-09-05 18:00,Business Bay,Burgers & Fast Food,405,380,229,90,65,55,4585.68,83.38,495.85,17.4,18.9,34.4,5.1
2026-09-05 18:00,Business Bay,Middle Eastern / Shawarma,385,348,201,80,59,51,3830.59,75.11,438.72,18.46,20.5,35.6,4.5
2026-09-05 18:00,Business Bay,Healthy & Bowls,406,376,230,92,63,54,4372.21,80.97,521.26,17.86,21.7,36.7,6.5
2026-09-05 18:00,Business Bay,Asian / Sushi,385,340,212,85,58,47,4171.03,88.75,334.73,17.79,21.3,37.3,6.8
2026-09-05 18:00,Business Bay,Coffee & Desserts,406,377,215,84,62,51,3713.36,72.81,501.05,17.74,20.6,34.7,4.2
2026-09-05 18:00,JLT,Burgers & Fast Food,297,263,163,65,49,42,3341.33,79.56,330.53,16.85,22.2,37.9,7.8
2026-09-05 18:00,JLT,Middle Eastern / Shawarma,274,244,150,61,43,38,2966.63,78.07,324.02,17.09,21.7,37.3,7.7
2026-09-05 18:00,JLT,Healthy & Bowls,306,282,159,69,49,42,3186.58,75.87,400.73,17.23,19.9,34.5,8.3
2026-09-05 18:00,JLT,Asian / Sushi,275,254,164,62,42,35,3274.36,93.55,272.54,17.64,20.1,38.0,7.5
2026-09-05 18:00,JLT,Coffee & Desserts,319,295,185,77,52,44,3944.6,89.65,417.1,17.24,20.8,38.2,8.8
2026-09-05 18:00,Deira,Burgers & Fast Food,316,282,171,71,53,44,3744.34,85.1,395.65,18.44,19.8,37.1,5.8
2026-09-05 18:00,Deira,Middle Eastern / Shawarma,299,265,170,70,50,43,3258.3,75.77,342.15,17.22,21.0,38.5,5.6
2026-09-05 18:00,Deira,Healthy & Bowls,306,273,152,61,46,40,3121.21,78.03,376.72,17.33,20.8,35.1,8.4
2026-09-05 18:00,Deira,Asian / Sushi,303,279,171,69,51,43,3871.86,90.04,358.11,16.74,20.1,34.4,4.0
2026-09-05 18:00,Deira,Coffee & Desserts,306,271,166,72,54,46,3660.58,79.58,336.86,18.25,19.5,33.9,4.2
2026-09-05 19:00,Downtown Dubai,Burgers & Fast Food,1756,1555,907,346,251,216,17014.16,78.77,2083.44,18.44,22.2,38.6,5.9
2026-09-05 19:00,Downtown Dubai,Middle Eastern / Shawarma,1587,1407,829,363,266,239,18389.13,76.94,2297.28,18.05,18.6,35.2,5.1
2026-09-05 19:00,Downtown Dubai,Healthy & Bowls,1773,1576,1001,417,310,278,23259.29,83.67,2086.03,17.85,20.0,34.3,6.1
2026-09-05 19:00,Downtown Dubai,Asian / Sushi,1783,1671,932,359,260,225,17397.64,77.32,1508.11,18.41,19.8,35.1,8.9
2026-09-05 19:00,Downtown Dubai,Coffee & Desserts,1712,1583,1028,436,330,295,26278.22,89.08,2280.8,17.76,23.6,39.2,8.2
2026-09-05 19:00,Dubai Marina,Burgers & Fast Food,1690,1551,936,369,261,214,20040.68,93.65,1839.36,16.66,21.3,37.4,6.2
2026-09-05 19:00,Dubai Marina,Middle Eastern / Shawarma,1765,1636,1046,420,294,263,22183.4,84.35,1811.0,16.63,18.7,36.0,6.7
2026-09-05 19:00,Dubai Marina,Healthy & Bowls,1590,1454,851,341,252,209,19588.68,93.73,1825.31,16.59,20.6,36.9,7.5
2026-09-05 19:00,Dubai Marina,Asian / Sushi,1580,1455,909,376,278,249,21803.37,87.56,1629.15,17.58,19.0,36.6,7.8
2026-09-05 19:00,Dubai Marina,Coffee & Desserts,1721,1562,907,362,259,229,20049.48,87.55,2095.83,18.06,23.4,37.8,4.6
2026-09-05 19:00,Business Bay,Burgers & Fast Food,1324,1201,711,307,227,186,16727.81,89.93,1667.19,17.77,18.4,35.6,8.4
2026-09-05 19:00,Business Bay,Middle Eastern / Shawarma,1394,1286,833,343,236,207,18157.3,87.72,1672.84,17.42,23.9,40.8,7.3
2026-09-05 19:00,Business Bay,Healthy & Bowls,1336,1234,729,314,233,203,15593.81,76.82,1391.96,18.29,19.5,34.3,6.2
2026-09-05 19:00,Business Bay,Asian / Sushi,1373,1211,711,302,213,180,13667.92,75.93,1603.79,18.26,18.9,35.9,6.7
2026-09-05 19:00,Business Bay,Coffee & Desserts,1326,1222,727,287,214,181,13469.31,74.42,1299.39,17.12,21.3,38.7,8.8
2026-09-05 19:00,JLT,Burgers & Fast Food,1096,982,561,231,169,145,11413.13,78.71,1022.54,17.96,21.2,37.7,7.2
2026-09-05 19:00,JLT,Middle Eastern / Shawarma,951,838,533,227,161,132,10657.04,80.74,799.59,16.94,23.0,37.4,8.1
2026-09-05 19:00,JLT,Healthy & Bowls,1067,955,602,259,189,160,12343.71,77.15,1327.81,17.46,20.4,38.1,9.0
2026-09-05 19:00,JLT,Asian / Sushi,1091,981,575,245,173,144,11910.94,82.71,1294.26,17.35,18.2,36.0,4.9
2026-09-05 19:00,JLT,Coffee & Desserts,939,843,476,200,138,123,10342.27,84.08,836.05,16.7,19.4,35.2,8.4
2026-09-05 19:00,Deira,Burgers & Fast Food,938,860,531,217,161,134,11808.47,88.12,1185.52,17.25,20.2,37.1,5.4
2026-09-05 19:00,Deira,Middle Eastern / Shawarma,963,850,517,225,166,143,12177.39,85.16,1088.56,17.17,18.7,34.3,6.4
2026-09-05 19:00,Deira,Healthy & Bowls,1100,977,562,234,165,139,12526.31,90.12,1001.61,17.76,19.8,37.1,7.8
2026-09-05 19:00,Deira,Asian / Sushi,997,905,521,227,170,145,12973.69,89.47,1116.27,17.69,21.4,37.4,5.7
2026-09-05 19:00,Deira,Coffee & Desserts,1092,973,613,235,163,140,10379.12,74.14,1298.44,16.94,22.1,37.2,6.8
2026-09-05 20:00,Downtown Dubai,Burgers & Fast Food,1663,1518,951,396,271,231,18499.77,80.09,1434.28,17.6,19.9,34.3,7.0
2026-09-05 20:00,Downtown Dubai,Middle Eastern / Shawarma,1548,1369,813,350,247,212,15321.43,72.27,1922.02,17.91,21.9,38.7,4.2
2026-09-05 20:00,Downtown Dubai,Healthy & Bowls,1557,1380,799,319,237,202,16205.99,80.23,1918.3,18.32,18.5,34.1,4.2
2026-09-05 20:00,Downtown Dubai,Asian / Sushi,1805,1638,972,375,264,228,21122.71,92.64,1689.02,18.06,21.6,39.0,7.1
2026-09-05 20:00,Downtown Dubai,Coffee & Desserts,1584,1466,910,392,272,237,21882.24,92.33,1462.84,18.38,19.8,34.0,5.7
2026-09-05 20:00,Dubai Marina,Burgers & Fast Food,1718,1561,1003,404,296,265,24211.24,91.36,2532.62,16.89,20.0,35.6,6.2
2026-09-05 20:00,Dubai Marina,Middle Eastern / Shawarma,1576,1475,904,351,245,211,17554.69,83.2,1417.4,17.56,18.4,33.8,8.1
2026-09-05 20:00,Dubai Marina,Healthy & Bowls,1783,1632,914,389,290,259,19400.53,74.91,2526.79,17.48,22.4,36.7,6.4
2026-09-05 20:00,Dubai Marina,Asian / Sushi,1751,1629,1015,402,276,228,18426.11,80.82,1591.33,18.19,20.4,34.6,8.3
2026-09-05 20:00,Dubai Marina,Coffee & Desserts,1687,1505,874,338,238,197,15783.86,80.12,1436.41,18.33,20.4,36.7,5.1
2026-09-05 20:00,Business Bay,Burgers & Fast Food,1380,1295,810,331,226,195,14943.64,76.63,1660.26,17.58,21.2,37.9,6.9
2026-09-05 20:00,Business Bay,Middle Eastern / Shawarma,1229,1088,609,249,186,161,13349.64,82.92,1040.76,18.39,21.6,35.7,8.6
2026-09-05 20:00,Business Bay,Healthy & Bowls,1332,1236,749,295,202,168,15694.1,93.42,1191.26,16.68,23.0,38.9,7.6
2026-09-05 20:00,Business Bay,Asian / Sushi,1226,1109,631,277,196,161,12094.42,75.12,1603.55,18.32,20.2,34.4,7.0
2026-09-05 20:00,Business Bay,Coffee & Desserts,1422,1254,731,284,194,167,14750.24,88.32,1628.97,16.59,22.7,40.0,6.8
2026-09-05 20:00,JLT,Burgers & Fast Food,995,884,531,227,171,146,12227.87,83.75,958.38,16.83,23.8,40.6,5.0
2026-09-05 20:00,JLT,Middle Eastern / Shawarma,1095,1021,565,225,163,143,12020.88,84.06,915.3,17.59,20.1,35.3,6.2
2026-09-05 20:00,JLT,Healthy & Bowls,938,866,522,204,151,135,10473.99,77.59,1172.28,17.2,22.0,36.8,6.6
2026-09-05 20:00,JLT,Asian / Sushi,1004,892,513,212,156,138,12322.53,89.29,1114.82,17.05,18.3,32.8,5.0
2026-09-05 20:00,JLT,Coffee & Desserts,983,921,593,244,183,162,14103.56,87.06,1497.34,17.63,20.0,35.8,7.7
2026-09-05 20:00,Deira,Burgers & Fast Food,974,908,532,223,165,144,11552.52,80.23,1410.18,17.19,23.9,40.2,8.4
2026-09-05 20:00,Deira,Middle Eastern / Shawarma,963,891,514,201,141,120,10376.96,86.47,722.46,17.98,22.5,39.3,6.1
2026-09-05 20:00,Deira,Healthy & Bowls,1086,981,605,244,169,147,13675.39,93.03,1407.76,17.72,22.8,37.9,5.6
2026-09-05 20:00,Deira,Asian / Sushi,995,914,559,214,157,136,12204.76,89.74,847.77,18.17,21.1,36.2,4.6
2026-09-05 20:00,Deira,Coffee & Desserts,1089,979,568,239,173,154,12056.86,78.29,1267.94,18.05,19.8,34.3,5.9
2026-09-05 21:00,Downtown Dubai,Burgers & Fast Food,1619,1493,937,398,288,240,19193.17,79.97,1520.11,18.01,21.6,37.8,6.5
2026-09-05 21:00,Downtown Dubai,Middle Eastern / Shawarma,1672,1490,866,338,230,205,18224.09,88.9,1719.62,17.85,18.6,34.2,7.0
2026-09-05 21:00,Downtown Dubai,Healthy & Bowls,1715,1560,899,373,270,227,20906.85,92.1,1471.66,17.55,20.7,34.9,5.7
2026-09-05 21:00,Downtown Dubai,Asian / Sushi,1732,1574,962,385,273,242,18525.75,76.55,2184.06,16.52,23.7,41.1,4.9
2026-09-05 21:00,Downtown Dubai,Coffee & Desserts,1663,1550,878,381,271,235,17967.39,76.46,2244.02,17.79,22.2,37.2,7.2
2026-09-05 21:00,Dubai Marina,Burgers & Fast Food,1759,1550,894,373,272,230,21088.57,91.69,2271.85,17.23,20.2,35.4,7.6
2026-09-05 21:00,Dubai Marina,Middle Eastern / Shawarma,1611,1497,842,323,243,201,17536.68,87.25,1394.49,16.96,20.0,35.2,6.2
2026-09-05 21:00,Dubai Marina,Healthy & Bowls,1800,1612,903,364,249,217,16152.59,74.44,2142.26,18.41,21.6,35.7,4.3
2026-09-05 21:00,Dubai Marina,Asian / Sushi,1630,1499,942,400,298,247,19679.75,79.68,2324.04,17.03,22.1,38.3,4.0
2026-09-05 21:00,Dubai Marina,Coffee & Desserts,1717,1567,898,349,240,205,15029.94,73.32,1246.93,17.35,20.0,35.9,6.6
2026-09-05 21:00,Business Bay,Burgers & Fast Food,1373,1221,720,274,197,167,14371.37,86.06,1122.51,17.53,21.8,36.3,4.9
2026-09-05 21:00,Business Bay,Middle Eastern / Shawarma,1369,1274,769,304,222,186,17217.8,92.57,1819.05,17.08,20.7,36.0,4.6
2026-09-05 21:00,Business Bay,Healthy & Bowls,1369,1272,780,340,247,218,16507.23,75.72,1352.94,18.49,18.8,35.8,6.5
2026-09-05 21:00,Business Bay,Asian / Sushi,1405,1242,709,311,219,196,17063.91,87.06,1816.63,17.83,22.2,38.1,7.9
2026-09-05 21:00,Business Bay,Coffee & Desserts,1266,1127,679,287,205,170,15513.36,91.26,1536.99,17.01,21.9,38.0,8.0
2026-09-05 21:00,JLT,Burgers & Fast Food,1043,980,550,241,166,137,11573.81,84.48,1082.42,17.65,22.7,37.3,8.4
2026-09-05 21:00,JLT,Middle Eastern / Shawarma,1026,905,512,200,147,122,9593.64,78.64,918.44,17.8,18.5,34.3,4.9
2026-09-05 21:00,JLT,Healthy & Bowls,1005,920,516,226,163,140,12865.53,91.9,1066.04,17.2,18.4,33.0,8.6
2026-09-05 21:00,JLT,Asian / Sushi,973,912,527,216,160,140,10205.56,72.9,1173.2,18.37,22.8,38.8,5.6
2026-09-05 21:00,JLT,Coffee & Desserts,1091,1019,577,235,176,148,12580.66,85.0,1035.12,18.34,23.0,39.3,6.1
2026-09-05 21:00,Deira,Burgers & Fast Food,979,868,506,217,157,139,12267.4,88.25,1223.17,18.17,22.0,36.3,4.6
2026-09-05 21:00,Deira,Middle Eastern / Shawarma,1056,941,602,238,174,148,12902.82,87.18,1461.02,17.97,21.0,38.3,6.3
2026-09-05 21:00,Deira,Healthy & Bowls,960,896,525,216,156,130,10628.52,81.76,1119.46,17.34,23.7,41.0,6.9
2026-09-05 21:00,Deira,Asian / Sushi,1048,977,630,267,196,164,14108.33,86.03,1161.22,16.64,19.9,37.2,7.8
2026-09-05 21:00,Deira,Coffee & Desserts,943,832,524,225,160,133,12133.65,91.23,1104.06,17.73,23.1,41.0,4.3
2026-09-05 22:00,Downtown Dubai,Burgers & Fast Food,1735,1566,954,373,280,249,18913.69,75.96,2070.79,18.48,19.1,35.2,7.0
2026-09-05 22:00,Downtown Dubai,Middle Eastern / Shawarma,1691,1505,912,353,242,212,18166.28,85.69,1806.71,17.66,21.7,37.1,8.1
2026-09-05 22:00,Downtown Dubai,Healthy & Bowls,1689,1536,850,326,238,209,19264.89,92.18,1623.37,16.68,19.1,36.4,5.6
2026-09-05 22:00,Downtown Dubai,Asian / Sushi,1561,1447,932,382,268,223,17642.76,79.12,1451.53,17.88,19.2,34.8,7.7
2026-09-05 22:00,Downtown Dubai,Coffee & Desserts,1566,1462,914,388,265,219,17059.35,77.9,1656.43,17.73,20.6,37.7,7.4
2026-09-05 22:00,Dubai Marina,Burgers & Fast Food,1793,1678,1090,450,323,269,23036.83,85.64,2404.88,18.23,20.7,35.3,8.7
2026-09-05 22:00,Dubai Marina,Middle Eastern / Shawarma,1609,1422,820,351,251,218,16628.94,76.28,1762.58,17.01,23.9,41.0,7.4
2026-09-05 22:00,Dubai Marina,Healthy & Bowls,1697,1569,949,385,264,237,19759.58,83.37,2064.07,18.33,21.3,38.6,5.2
2026-09-05 22:00,Dubai Marina,Asian / Sushi,1746,1618,897,377,263,236,18119.44,76.78,1910.83,16.92,21.8,38.7,6.3
2026-09-05 22:00,Dubai Marina,Coffee & Desserts,1672,1502,828,328,229,200,14872.08,74.36,1736.35,17.78,22.3,40.0,7.3
2026-09-05 22:00,Business Bay,Burgers & Fast Food,1340,1244,758,299,226,198,17455.23,88.16,1575.53,17.03,23.1,40.3,7.9
2026-09-05 22:00,Business Bay,Middle Eastern / Shawarma,1303,1160,706,278,195,170,15880.06,93.41,1566.79,18.15,23.5,37.8,5.0
2026-09-05 22:00,Business Bay,Healthy & Bowls,1327,1196,663,271,202,178,16490.89,92.65,1116.58,18.46,23.3,37.6,7.4
2026-09-05 22:00,Business Bay,Asian / Sushi,1293,1211,743,317,220,189,16417.69,86.87,1589.88,18.21,23.6,39.1,4.1
2026-09-05 22:00,Business Bay,Coffee & Desserts,1228,1087,606,254,179,155,14371.33,92.72,998.02,17.06,23.9,40.5,7.8
2026-09-05 22:00,JLT,Burgers & Fast Food,1060,952,583,245,168,145,12090.54,83.38,1163.52,17.75,21.1,35.9,7.6
2026-09-05 22:00,JLT,Middle Eastern / Shawarma,1027,931,530,208,149,122,9220.06,75.57,1190.85,18.07,19.9,35.5,7.4
2026-09-05 22:00,JLT,Healthy & Bowls,989,902,563,243,182,162,13117.87,80.97,1290.61,17.9,24.0,39.5,6.8
2026-09-05 22:00,JLT,Asian / Sushi,1014,907,506,197,144,127,11295.47,88.94,880.65,16.8,19.9,34.4,7.9
2026-09-05 22:00,JLT,Coffee & Desserts,1038,927,522,204,153,136,11830.47,86.99,1012.02,16.67,18.2,33.5,5.9
2026-09-05 22:00,Deira,Burgers & Fast Food,1002,897,553,210,143,127,9281.61,73.08,827.78,17.94,22.2,36.4,6.6
2026-09-05 22:00,Deira,Middle Eastern / Shawarma,1073,958,616,249,179,153,12878.35,84.17,1240.6,17.18,23.1,37.6,6.6
2026-09-05 22:00,Deira,Healthy & Bowls,1026,914,518,200,150,134,11441.21,85.38,1210.54,17.06,20.8,35.7,8.5
2026-09-05 22:00,Deira,Asian / Sushi,1049,964,544,224,158,129,10203.3,79.1,1037.31,18.3,18.1,32.3,6.2
2026-09-05 22:00,Deira,Coffee & Desserts,1059,947,534,220,152,133,11173.06,84.01,1184.17,17.15,21.1,37.3,6.4
2026-09-05 23:00,Downtown Dubai,Burgers & Fast Food,505,446,271,118,84,74,6923.72,93.56,626.37,16.79,20.3,37.9,5.7
2026-09-05 23:00,Downtown Dubai,Middle Eastern / Shawarma,526,475,282,113,80,69,5724.31,82.96,443.18,18.49,18.4,35.9,4.5
2026-09-05 23:00,Downtown Dubai,Healthy & Bowls,524,485,305,129,90,76,5566.26,73.24,538.32,17.03,18.9,35.5,8.8
2026-09-05 23:00,Downtown Dubai,Asian / Sushi,503,449,289,121,90,74,5809.77,78.51,497.2,17.6,18.9,33.5,5.1
2026-09-05 23:00,Downtown Dubai,Coffee & Desserts,471,436,278,106,79,69,5622.75,81.49,463.73,16.84,22.5,39.9,6.7
2026-09-05 23:00,Dubai Marina,Burgers & Fast Food,520,488,307,119,84,70,5995.73,85.65,566.11,17.57,23.2,38.0,7.4
2026-09-05 23:00,Dubai Marina,Middle Eastern / Shawarma,453,414,237,99,73,62,5471.59,88.25,566.4,17.09,21.9,37.7,6.4
2026-09-05 23:00,Dubai Marina,Healthy & Bowls,490,441,256,101,72,59,4645.46,78.74,510.34,16.6,20.8,36.6,7.4
2026-09-05 23:00,Dubai Marina,Asian / Sushi,482,428,243,96,67,58,5190.51,89.49,416.32,18.49,19.7,35.6,6.6
2026-09-05 23:00,Dubai Marina,Coffee & Desserts,469,426,237,97,72,62,4528.27,73.04,581.64,16.93,19.6,34.6,6.6
2026-09-05 23:00,Business Bay,Burgers & Fast Food,354,320,205,79,58,49,3740.55,76.34,480.37,16.66,23.5,39.5,6.1
2026-09-05 23:00,Business Bay,Middle Eastern / Shawarma,403,372,218,93,63,53,3985.12,75.19,340.54,17.88,23.6,39.8,6.7
2026-09-05 23:00,Business Bay,Healthy & Bowls,413,378,245,94,64,56,4589.14,81.95,369.74,18.27,18.3,32.9,7.4
2026-09-05 23:00,Business Bay,Asian / Sushi,374,345,222,87,63,52,4395.76,84.53,510.7,16.6,18.2,34.5,8.4
2026-09-05 23:00,Business Bay,Coffee & Desserts,402,377,210,80,56,46,3905.18,84.9,303.25,17.42,21.4,39.0,5.1
2026-09-05 23:00,JLT,Burgers & Fast Food,275,249,161,68,51,42,3554.95,84.64,255.74,18.49,19.8,34.9,5.3
2026-09-05 23:00,JLT,Middle Eastern / Shawarma,280,255,159,62,45,40,3029.95,75.75,388.89,17.26,21.7,38.2,5.0
2026-09-05 23:00,JLT,Healthy & Bowls,286,260,147,58,42,37,2690.36,72.71,226.53,16.79,21.6,38.5,8.1
2026-09-05 23:00,JLT,Asian / Sushi,292,273,168,69,50,44,3635.52,82.63,326.86,17.64,21.2,36.5,8.8
2026-09-05 23:00,JLT,Coffee & Desserts,292,257,161,66,46,39,3556.67,91.2,364.81,16.95,19.0,34.9,7.9
2026-09-05 23:00,Deira,Burgers & Fast Food,301,270,155,66,47,40,3615.79,90.39,268.12,16.88,20.1,34.7,6.5
2026-09-05 23:00,Deira,Middle Eastern / Shawarma,311,277,164,66,46,39,3385.58,86.81,340.57,17.77,18.9,34.3,5.9
2026-09-05 23:00,Deira,Healthy & Bowls,292,268,170,70,52,44,3170.96,72.07,376.59,18.04,22.9,38.7,6.3
2026-09-05 23:00,Deira,Asian / Sushi,296,277,174,71,51,41,3553.8,86.68,260.96,17.42,22.1,37.5,4.3
2026-09-05 23:00,Deira,Coffee & Desserts,292,265,169,73,50,42,3552.39,84.58,263.83,16.86,19.5,34.0,8.1
